wav_filename,wav_filesize,transcript,transcrip_size
/home/data/images/iam/lines/f07/f07-024a/f07-024a-08.png,16722,lifted urns,11
/home/data/images/iam/lines/g06/g06-011n/g06-011n-02.png,31664,that he enjoyed it as much as his,33
/home/data/images/iam/lines/g06/g06-011n/g06-011n-03.png,31233,health permitted him to enjoy,29
/home/data/images/iam/lines/g06/g06-018n/g06-018n-06.png,40202,this place agree with me better,31
/home/data/images/iam/lines/g06/g06-026n/g06-026n-06.png,35880,and the temporary assumption of the,35
/home/data/images/iam/lines/g06/g06-026r/g06-026r-04.png,25028,and the temporary assumption of the government by the,53
/home/data/images/iam/lines/g06/g06-037n/g06-037n-05.png,37824,opened a new chapter in the history,35
/home/data/images/iam/lines/g06/g06-037n/g06-037n-07.png,40842,an effective alleviation of his painful,39
/home/data/images/iam/lines/g06/g06-037n/g06-037n-09.png,33651,ventional remedies to which he had,34
/home/data/images/iam/lines/g06/g06-037n/g06-037n-10.png,36544,been subjected ever since the symptoms,38
/home/data/images/iam/lines/g06/g06-037o/g06-037o-05.png,65092,opened a new chapter in the history,35
/home/data/images/iam/lines/g06/g06-037o/g06-037o-09.png,74085,remedies to which he had been subjected,39
/home/data/images/iam/lines/g06/g06-037o/g06-037o-10.png,57198,ever since the symptoms had first,33
/home/data/images/iam/lines/g06/g06-037p/g06-037p-06.png,56446,numerous conventional remedies to which he had been,51
/home/data/images/iam/lines/g06/g06-037p/g06-037p-07.png,53526,subjected ever since the symptoms had first shown,49
/home/data/images/iam/lines/g06/g06-037p/g06-037p-08.png,58618,themselves seventeen years before had had the,45
/home/data/images/iam/lines/g06/g06-037r/g06-037r-06.png,48597,the numerous conventional remedies to which he had,50
/home/data/images/iam/lines/g06/g06-037r/g06-037r-07.png,52967,been subjected ever since the symptoms had first,48
/home/data/images/iam/lines/g06/g06-037r/g06-037r-08.png,54701,shown themselves seventeen years before had had,47
/home/data/images/iam/lines/g06/g06-042n/g06-042n-06.png,36102,homoeopathy had been brought to his,35
/home/data/images/iam/lines/g06/g06-042o/g06-042o-06.png,71087,known as homoeopathy had been,29
/home/data/images/iam/lines/g06/g06-042p/g06-042p-04.png,57710,method known as homoeopathy had been brought,44
/home/data/images/iam/lines/g06/g06-045n/g06-045n-04.png,36666,that it was being cultivated with,33
/home/data/images/iam/lines/g06/g06-045n/g06-045n-07.png,29653,treated under a doctor who had,30
/home/data/images/iam/lines/g06/g06-045o/g06-045o-04.png,77319,was being cultivated with extraordinary,39
/home/data/images/iam/lines/g06/g06-045o/g06-045o-06.png,58169,he himself was being treated under,34
/home/data/images/iam/lines/g06/g06-045o/g06-045o-07.png,50315,a doctor who had studied under,30
/home/data/images/iam/lines/g06/g06-045p/g06-045p-04.png,50472,himself was being treated under a doctor who had,48
/home/data/images/iam/lines/g06/g06-047n/g06-047n-04.png,33567,an increasing number of disciples among,39
/home/data/images/iam/lines/g06/g06-047n/g06-047n-05.png,31776,unorthodox medical men in the cities,36
/home/data/images/iam/lines/g06/g06-047o/g06-047o-04.png,87444,an increasing number of disciples among,39
/home/data/images/iam/lines/g06/g06-047o/g06-047o-05.png,67066,unorthodox medical men in the cities,36
/home/data/images/iam/lines/g06/g06-047p/g06-047p-03.png,58103,number of disciples among unorthodox medical men in the,55
/home/data/images/iam/lines/g06/g06-047r/g06-047r-03.png,43328,had an increasing number of disciples among,43
/home/data/images/iam/lines/g06/g06-050n/g06-050n-03.png,37463,so he described his distinguished,33
/home/data/images/iam/lines/g06/g06-050n/g06-050n-10.png,35395,appears to despair of ever being,32
/home/data/images/iam/lines/g06/g06-050o/g06-050o-03.png,53941,bed his distinguished patient and his,37
/home/data/images/iam/lines/g06/g06-050r/g06-050r-02.png,44979,so he described his distinguished patient and his,49
/home/data/images/iam/lines/g06/g06-093/g06-093-06.png,32714,impossible that you might be willing to accept of,49
/home/data/images/iam/lines/g06/g06-101/g06-101-02.png,26355,had become seriously ill with a supposed abscess,48
/home/data/images/iam/lines/g06/g06-101/g06-101-04.png,28089,almost despaired of when as a last resort it was,48
/home/data/images/iam/lines/g06/g06-101/g06-101-05.png,35474,suggested that the patient should be taken to consult,53
/home/data/images/iam/lines/g06/g06-105/g06-105-01.png,27941,for by this time the great man had been driven,46
/home/data/images/iam/lines/g07/g07-003b/g07-003b-08.png,27267,explain his attempts to exalt himself at the young,50
/home/data/images/iam/lines/g07/g07-010b/g07-010b-04.png,29657,that the greatest care was observed in gathering together all the possessions,77
/home/data/images/iam/lines/g07/g07-010b/g07-010b-05.png,30832,of a man whose importance was fully recognized by everyone about,64
/home/data/images/iam/lines/g07/g07-014/g07-014-06.png,62323,in order to make sure that no recent will,41
/home/data/images/iam/lines/g07/g07-018a/g07-018a-04.png,53198,one of the most intelligent as well as the most,47
/home/data/images/iam/lines/g07/g07-026a/g07-026a-05.png,68207,the unguarded letters he never suspected,40
/home/data/images/iam/lines/g07/g07-026b/g07-026b-04.png,27525,in secret the unguarded letters he never,40
/home/data/images/iam/lines/g07/g07-028a/g07-028a-01.png,59562,for her in poetry that he thought would clear,45
/home/data/images/iam/lines/g07/g07-028a/g07-028a-03.png,64408,headstrong folly that tempted him to write on,45
/home/data/images/iam/lines/g07/g07-028a/g07-028a-05.png,66855,to guess what repentance and unrepentance,41
/home/data/images/iam/lines/g07/g07-028b/g07-028b-01.png,26024,her in poetry that he thought would clear,41
/home/data/images/iam/lines/g07/g07-028b/g07-028b-03.png,27489,the headstrong folly that tempted him to,40
/home/data/images/iam/lines/g07/g07-028b/g07-028b-05.png,29557,the world to guess what repentance and,38
/home/data/images/iam/lines/g07/g07-030/g07-030-03.png,23610,of return was what she could never have,39
/home/data/images/iam/lines/g07/g07-034/g07-034-04.png,24705,she had lost touch in her perpetual alarms,42
/home/data/images/iam/lines/g07/g07-038/g07-038-04.png,25130,hundred reasons why it would be,31
/home/data/images/iam/lines/g07/g07-038/g07-038-05.png,34043,objectionable to have the family history,40
/home/data/images/iam/lines/g07/g07-038/g07-038-09.png,31549,the moral code she had learned from,35
/home/data/images/iam/lines/g07/g07-042/g07-042-02.png,21959,been involved in a scandalous and ruinous,41
/home/data/images/iam/lines/g07/g07-042/g07-042-04.png,24115,a profligate and a bankrupt who had,35
/home/data/images/iam/lines/g07/g07-042/g07-042-05.png,29140,squandered every penny two successive wives,43
/home/data/images/iam/lines/g07/g07-042/g07-042-06.png,26577,had brought him and left the second on,38
/home/data/images/iam/lines/g07/g07-044/g07-044-03.png,25016,moving in court circles and having children to,46
/home/data/images/iam/lines/g07/g07-044/g07-044-05.png,26697,down the rumours which had made the year of,43
/home/data/images/iam/lines/g07/g07-047/g07-047-02.png,24080,it carried with it too many reminders of his,44
/home/data/images/iam/lines/g07/g07-047/g07-047-06.png,27468,his making friends with the atheist known to,44
/home/data/images/iam/lines/g07/g07-047/g07-047-08.png,30897,mixing with really low and horrid people such,45
/home/data/images/iam/lines/g07/g07-050/g07-050-02.png,23797,the light in which she saw the proposed book,44
/home/data/images/iam/lines/g07/g07-050/g07-050-04.png,26399,a son so outspoken and a mother so far from,43
/home/data/images/iam/lines/g07/g07-065/g07-065-07.png,61449,fight and applying for the injunction,37
/home/data/images/iam/lines/g07/g07-069a/g07-069a-03.png,63554,had formerly been reluctant to approve the,42
/home/data/images/iam/lines/g07/g07-069a/g07-069a-04.png,60065,publication unless it had first been,36
/home/data/images/iam/lines/g07/g07-069a/g07-069a-05.png,62110,examined by the relatives and friends of,40
/home/data/images/iam/lines/g07/g07-069a/g07-069a-07.png,56865,book and was content for it to be,33
/home/data/images/iam/lines/g07/g07-071a/g07-071a-02.png,65459,hurt her more than this contemptuous slight,43
/home/data/images/iam/lines/g07/g07-071a/g07-071a-06.png,57859,was without the right to make such,34
/home/data/images/iam/lines/g07/g07-071a/g07-071a-09.png,59748,she was not only of nearer consanguinity,40
/home/data/images/iam/lines/g07/g07-074a/g07-074a-01.png,59877,precisely the reasons why her cousin took,41
/home/data/images/iam/lines/g07/g07-074a/g07-074a-08.png,63758,failed to leave her audience agape with,39
/home/data/images/iam/lines/g07/g07-077a/g07-077a-03.png,66348,being responsible for the collapse of the,41
/home/data/images/iam/lines/g07/g07-077a/g07-077a-06.png,54856,had been deemed necessary all the,33
/home/data/images/iam/lines/g07/g07-077a/g07-077a-07.png,61171,same to enlighten him as to the suspicions,42
/home/data/images/iam/lines/g07/g07-084/g07-084-06.png,25668,we are convinced of the truth of that dreadful history,54
/home/data/images/iam/lines/h01/h01-000/h01-000-04.png,83741,the latter for all married women under,38
/home/data/images/iam/lines/h01/h01-000/h01-000-06.png,81614,related to all women who were or had been,41
/home/data/images/iam/lines/h01/h01-007/h01-007-04.png,82349,statistical use to be made of their experience,46
/home/data/images/iam/lines/h01/h01-007/h01-007-05.png,64997,as regards duration of marriage and,35
/home/data/images/iam/lines/h01/h01-007/h01-007-06.png,75621,number of children in the case of women,39
/home/data/images/iam/lines/h01/h01-007/h01-007-07.png,81151,whose first or only marriage was terminated,43
/home/data/images/iam/lines/h01/h01-007/h01-007-08.png,76167,by widowhood or divorce after the end,37
/home/data/images/iam/lines/h01/h01-010/h01-010-01.png,51341,in the size and pattern of families for successive,50
/home/data/images/iam/lines/h01/h01-010/h01-010-03.png,60691,proportion of widows predominates in the higher age,51
/home/data/images/iam/lines/h01/h01-018/h01-018-01.png,59327,houses or flats or other quarters built or adapted for,54
/home/data/images/iam/lines/h01/h01-018/h01-018-02.png,58923,separate occupation and forming a private and structurally,58
/home/data/images/iam/lines/h01/h01-018/h01-018-04.png,57791,number of households with sole occupation or sharing,52
/home/data/images/iam/lines/h01/h01-024/h01-024-01.png,52820,the accommodation occupied by each household was held by,56
/home/data/images/iam/lines/h01/h01-024/h01-024-07.png,61044,households by size and various characteristics of their,55
/home/data/images/iam/lines/h01/h01-027/h01-027-01.png,57834,analysis it was not considered sufficiently,43
/home/data/images/iam/lines/h01/h01-027/h01-027-02.png,67093,important to attempt the task of bringing,41
/home/data/images/iam/lines/h01/h01-027/h01-027-05.png,71137,absence of information given at their place,43
/home/data/images/iam/lines/h01/h01-027/h01-027-07.png,64967,for a more accurate distribution of,35
/home/data/images/iam/lines/h01/h01-027/h01-027-08.png,71954,households by size as usually constituted,41
/home/data/images/iam/lines/h01/h01-030/h01-030-01.png,57907,this head will not affect the,29
/home/data/images/iam/lines/h01/h01-030/h01-030-03.png,64889,but will be used solely in the,30
/home/data/images/iam/lines/h01/h01-030/h01-030-04.png,68214,analysis of households by size,30
/home/data/images/iam/lines/h01/h01-030/h01-030-07.png,70150,preparations consideration was,30
/home/data/images/iam/lines/h01/h01-030/h01-030-08.png,85522,given to possibilities of reducing,34
/home/data/images/iam/lines/h02/h02-004/h02-004-01.png,36098,first step to seek information from a number,44
/home/data/images/iam/lines/h02/h02-004/h02-004-02.png,37656,of organisations and persons having an interest,47
/home/data/images/iam/lines/h02/h02-004/h02-004-03.png,42589,in the questions before us and at a later stage we,50
/home/data/images/iam/lines/h02/h02-004/h02-004-04.png,38830,arranged for publication of a press notice inviting,51
/home/data/images/iam/lines/h02/h02-004/h02-004-06.png,38869,compiled a list of the points which we thought,46
/home/data/images/iam/lines/h02/h02-004/h02-004-08.png,36639,the replies need not be confined to these,41
/home/data/images/iam/lines/h02/h02-012/h02-012-02.png,45154,which arose from our terms of reference and,43
/home/data/images/iam/lines/h02/h02-012/h02-012-05.png,40731,attending the abuse of carbromal and,36
/home/data/images/iam/lines/h02/h02-012/h02-012-06.png,52856,bromvaletone and preparations containing these,46
/home/data/images/iam/lines/h02/h02-012/h02-012-09.png,47891,sufficient evidence that these compounds,40
/home/data/images/iam/lines/h02/h02-017/h02-017-01.png,36449,to us that carbromal and bromvaletone were examples,51
/home/data/images/iam/lines/h02/h02-017/h02-017-02.png,39346,of a number of drugs on sale to the public which,48
/home/data/images/iam/lines/h02/h02-017/h02-017-03.png,41654,were not appropriate for restriction to supply on,49
/home/data/images/iam/lines/h02/h02-017/h02-017-06.png,36362,not so far been recommended for control as,42
/home/data/images/iam/lines/h02/h02-019/h02-019-01.png,35045,pharmaceutical preparation which has an action on the,53
/home/data/images/iam/lines/h02/h02-019/h02-019-02.png,34781,central nervous system and is liable to produce physical,56
/home/data/images/iam/lines/h02/h02-019/h02-019-03.png,40538,or psychological deterioration should be confined to supply,59
/home/data/images/iam/lines/h02/h02-019/h02-019-04.png,37538,on prescription and that an independent expert body,51
/home/data/images/iam/lines/h02/h02-019/h02-019-05.png,33737,should be responsible for advising which substances,51
/home/data/images/iam/lines/h02/h02-022/h02-022-01.png,29573,and we hope that arrangements will be made to ensure,52
/home/data/images/iam/lines/h02/h02-022/h02-022-05.png,31555,body as may in due course be appointed for the,46
/home/data/images/iam/lines/h02/h02-022/h02-022-07.png,33354,grounds for restricting any of them also to supply,50
/home/data/images/iam/lines/h02/h02-024/h02-024-01.png,27280,devoted to anaesthetists who become addicted,44
/home/data/images/iam/lines/h02/h02-024/h02-024-02.png,26242,to the gases and vapours which they use in the,46
/home/data/images/iam/lines/h02/h02-028/h02-028-02.png,35892,preliminary sniffing of the gases immediately before,52
/home/data/images/iam/lines/h02/h02-028/h02-028-03.png,34644,administering them to a patient was a recognised and,52
/home/data/images/iam/lines/h02/h02-028/h02-028-05.png,37733,the heavy and direct responsibility carried by every,52
/home/data/images/iam/lines/h02/h02-028/h02-028-06.png,33411,anaesthetist we were convinced that anyone addicted,51
/home/data/images/iam/lines/h02/h02-028/h02-028-07.png,34943,to the inhalation of gases and vapours should never be,54
/home/data/images/iam/lines/h02/h02-035/h02-035-04.png,36210,to persons addicted to those drugs might be regarded,52
/home/data/images/iam/lines/h02/h02-035/h02-035-06.png,37795,practitioners administering or prescribing morphine or,54
/home/data/images/iam/lines/h02/h02-035/h02-035-07.png,31438,heroin should adopt to avoid abuse and any,42
/home/data/images/iam/lines/h02/h02-035/h02-035-08.png,38097,administrative measures that seemed expedient to,48
/home/data/images/iam/lines/h02/h02-037/h02-037-01.png,23601,inspection then in operation cases were,39
/home/data/images/iam/lines/h02/h02-037/h02-037-03.png,31212,at that time in which exceptionally,35
/home/data/images/iam/lines/h02/h02-037/h02-037-04.png,39312,large quantities of morphine and heroin,39
/home/data/images/iam/lines/h02/h02-037/h02-037-06.png,30060,tioners or prescribed for individual,36
/home/data/images/iam/lines/h02/h02-037/h02-037-08.png,29784,ascertained that sometimes the,30
/home/data/images/iam/lines/h02/h02-037/h02-037-09.png,34044,doctor had ordered these drugs simply,37
/home/data/images/iam/lines/h02/h02-040/h02-040-01.png,41376,dangerous drugs were being supplied in,38
/home/data/images/iam/lines/h02/h02-040/h02-040-03.png,53808,that a doctor should be authorised to supply,44
/home/data/images/iam/lines/h02/h02-040/h02-040-04.png,56370,drugs only so far as was necessary for the,42
/home/data/images/iam/lines/h02/h02-040/h02-040-06.png,41044,measures to secure proper observance of,39
/home/data/images/iam/lines/h02/h02-040/h02-040-08.png,43294,some authoritative medical advice on various,44
/home/data/images/iam/lines/h02/h02-043/h02-043-02.png,32853,and heroin to addicts to these drugs and,40
/home/data/images/iam/lines/h02/h02-043/h02-043-03.png,33932,on the use of drugs in treatment are discussed,46
/home/data/images/iam/lines/h02/h02-043/h02-043-08.png,35578,for the information of doctors and,34
/home/data/images/iam/lines/h02/h02-049/h02-049-05.png,36280,that prescriptions should only be given by a duly qualified,59
/home/data/images/iam/lines/h02/h02-049/h02-049-06.png,29220,medical practitioner when required for purposes of,50
/home/data/images/iam/lines/h04/h04-028/h04-028-03.png,80640,foods younger childless couples paid,36
/home/data/images/iam/lines/h04/h04-028/h04-028-04.png,77486,the highest average prices and,30
/home/data/images/iam/lines/h04/h04-028/h04-028-06.png,67256,gradients being steepest for,28
/home/data/images/iam/lines/h04/h04-049/h04-049-01.png,44664,households containing children reduced their consumption,56
/home/data/images/iam/lines/h04/h04-049/h04-049-03.png,39882,household a decline in purchases of the one was,47
/home/data/images/iam/lines/h04/h04-049/h04-049-07.png,42885,except in families with more than one child and in,50
/home/data/images/iam/lines/h04/h04-049/h04-049-08.png,44035,the unclassified households with children or,44
/home/data/images/iam/lines/h04/h04-052/h04-052-01.png,45665,or with adolescents but no children consumed more fresh green,61
/home/data/images/iam/lines/h04/h04-055/h04-055-01.png,41640,quantities per head of canned vegetables and canned and,55
/home/data/images/iam/lines/h04/h04-055/h04-055-03.png,49178,quantities of canned and bottled fruit than younger,51
/home/data/images/iam/lines/h04/h04-055/h04-055-05.png,42804,consumption of canned fruit fell off sharply with,49
/home/data/images/iam/lines/h04/h04-055/h04-055-07.png,46195,gradation in purchases of canned vegetables and canned,54
/home/data/images/iam/lines/h04/h04-057/h04-057-01.png,58538,supplies and lower prices of fresh fruit compared,49
/home/data/images/iam/lines/h04/h04-057/h04-057-05.png,65602,although most types of household bought less,44
/home/data/images/iam/lines/h04/h04-057/h04-057-06.png,51488,white bread and more rolls and speciality,41
/home/data/images/iam/lines/h04/h04-061/h04-061-01.png,55402,different commodities attributable to the adult,47
/home/data/images/iam/lines/h04/h04-061/h04-061-02.png,53072,couple and each additional child in a selected,46
/home/data/images/iam/lines/h04/h04-061/h04-061-03.png,69648,group of households consisting of childless couples,51
/home/data/images/iam/lines/h04/h04-061/h04-061-07.png,66618,couples are broadly comparable in age and family,48
/home/data/images/iam/lines/h04/h04-061/h04-061-09.png,63149,in food expenditure may be associated with the,46
/home/data/images/iam/lines/h04/h04-074/h04-074-06.png,92880,composition are only apposite when considered in relation,57
/home/data/images/iam/lines/h04/h04-078/h04-078-01.png,44185,comparison with allowances based on the recommendations,55
/home/data/images/iam/lines/h04/h04-078/h04-078-05.png,50460,four or more children the levels of adequacy for all,52
/home/data/images/iam/lines/h04/h04-082/h04-082-01.png,52089,years cannot be made so precisely as in groups with a,53
/home/data/images/iam/lines/h04/h04-082/h04-082-09.png,55487,expensive sources of nutrients than those foods of which,56
/home/data/images/iam/lines/h06/h06-000/h06-000-05.png,28838,gives figures of dangerous occurrences reported in,50
/home/data/images/iam/lines/h06/h06-003/h06-003-03.png,30306,notifiable accidents associated with occurrences fell,53
/home/data/images/iam/lines/h06/h06-003/h06-003-06.png,29263,the numbers of occurrences reported occurred in the,51
/home/data/images/iam/lines/h06/h06-003/h06-003-07.png,30249,category of those due to the collapse or,40
/home/data/images/iam/lines/h06/h06-079/h06-079-03.png,65680,electronic equipment with a sensitive probe,43
/home/data/images/iam/lines/h06/h06-079/h06-079-04.png,79808,mounted slightly forward of the head of the,43
/home/data/images/iam/lines/h06/h06-079/h06-079-05.png,70013,jib and with electronic assembly,32
/home/data/images/iam/lines/h06/h06-082/h06-082-01.png,56618,will rely too much on fixed devices because,43
/home/data/images/iam/lines/h06/h06-082/h06-082-04.png,61592,practice to keep the worker away from,37
/home/data/images/iam/lines/h06/h06-082/h06-082-10.png,85623,distance to prevent vehicles from approaching,45
/home/data/images/iam/lines/h06/h06-085/h06-085-01.png,66984,lines carrying the higher voltages flashover,44
/home/data/images/iam/lines/h06/h06-085/h06-085-02.png,55681,from the line may take place without,36
/home/data/images/iam/lines/h06/h06-085/h06-085-04.png,64083,machine has recently been developed for,39
/home/data/images/iam/lines/h06/h06-085/h06-085-05.png,72625,the automatic rolling of sole leather,37
/home/data/images/iam/lines/h06/h06-085/h06-085-07.png,65889,on a sliding feed tray outside the,34
/home/data/images/iam/lines/h06/h06-085/h06-085-08.png,60427,danger zone and is then pushed,30
/home/data/images/iam/lines/h06/h06-089/h06-089-02.png,65650,it into contact with the rollers on the upper,45
/home/data/images/iam/lines/h06/h06-089/h06-089-04.png,68970,several horizontal oscillations so that the,43
/home/data/images/iam/lines/h06/h06-089/h06-089-07.png,67207,by a guard which is interlocked with the,40
/home/data/images/iam/lines/h06/h06-089/h06-089-08.png,64214,hydraulic valve and the press is also,37
/home/data/images/iam/lines/h06/h06-092/h06-092-01.png,65530,faces of green bricks has recently been,39
/home/data/images/iam/lines/h06/h06-092/h06-092-04.png,60551,carried by a short length of belt,33
/home/data/images/iam/lines/h06/h06-092/h06-092-07.png,55844,hopper from which the sand is,29
/home/data/images/iam/lines/h06/h06-092/h06-092-08.png,81034,distributed to all four faces by a,34
/home/data/images/iam/lines/h06/h06-096/h06-096-01.png,54557,enable the sand to be applied to,32
/home/data/images/iam/lines/h06/h06-096/h06-096-03.png,48718,passes on through two pairs of,30
/home/data/images/iam/lines/h06/h06-096/h06-096-04.png,75963,vibrating rollers which embed the sand,38
/home/data/images/iam/lines/h06/h06-096/h06-096-05.png,80717,firmly in the surfaces and is finally,37
/home/data/images/iam/lines/h06/h06-096/h06-096-06.png,61051,cut into bricks at the wire cutting,35
/home/data/images/iam/lines/h07/h07-000/h07-000-04.png,25404,rents or ground rents for their factories or industrial,55
/home/data/images/iam/lines/h07/h07-007/h07-007-08.png,23486,among the industries which have expanded most,45
/home/data/images/iam/lines/h07/h07-011/h07-011-03.png,22088,the proportion employed in both these groups combined,53
/home/data/images/iam/lines/h07/h07-013/h07-013-03.png,36124,hand these groups offer fairly varied opportunities of,54
/home/data/images/iam/lines/h07/h07-013/h07-013-04.png,38836,skilled employment and are highly diversified,45
/home/data/images/iam/lines/h07/h07-017/h07-017-04.png,36906,overall average for the factories sponsored by,46
/home/data/images/iam/lines/h07/h07-020/h07-020-04.png,35156,in factories sponsored by the development,41
/home/data/images/iam/lines/h07/h07-020/h07-020-05.png,38087,corporations are employed by the eleven,39
/home/data/images/iam/lines/h07/h07-020/h07-020-07.png,35612,group of firms employing between five,37
/home/data/images/iam/lines/h07/h07-023/h07-023-01.png,30677,development corporations the proportion of,42
/home/data/images/iam/lines/h07/h07-025/h07-025-02.png,76713,been to provide employment for,30
/home/data/images/iam/lines/h07/h07-025/h07-025-06.png,69478,has generally been based on an,30
/home/data/images/iam/lines/h07/h07-025/h07-025-07.png,76234,estimated need of about eight,29
/home/data/images/iam/lines/h07/h07-025/h07-025-09.png,78136,this being considered sufficient,32
/home/data/images/iam/lines/h07/h07-025/h07-025-10.png,66265,to allow for shoppers coming,28
/home/data/images/iam/lines/h07/h07-025a/h07-025a-01.png,39742,prime need so far has been to provide employment,48
/home/data/images/iam/lines/h07/h07-025a/h07-025a-04.png,33187,the new towns has generally been based on an,44
/home/data/images/iam/lines/h07/h07-025a/h07-025a-07.png,35479,considered sufficient to allow for shoppers,43
/home/data/images/iam/lines/h07/h07-025a/h07-025a-08.png,32309,coming into the town from surrounding,37
/home/data/images/iam/lines/h07/h07-028/h07-028-02.png,69308,towns tending to rely mainly,28
/home/data/images/iam/lines/h07/h07-028/h07-028-03.png,52622,on the town centres with a,26
/home/data/images/iam/lines/h07/h07-028/h07-028-05.png,68596,neighbourhoods and the larger,29
/home/data/images/iam/lines/h07/h07-028/h07-028-06.png,61793,ones providing neighbourhood,28
/home/data/images/iam/lines/h07/h07-028/h07-028-07.png,61321,centres of up to thirty or more,31
/home/data/images/iam/lines/h07/h07-028/h07-028-08.png,60835,shops at the heart of the,25
/home/data/images/iam/lines/h07/h07-028a/h07-028a-02.png,23375,mainly on the town centres with a few,37
/home/data/images/iam/lines/h07/h07-028a/h07-028a-04.png,24990,the larger ones providing neighbourhood,39
/home/data/images/iam/lines/h07/h07-028a/h07-028a-05.png,27241,centres of up to thirty or more shops,37
/home/data/images/iam/lines/h07/h07-030/h07-030-01.png,60092,have sought to attract private,30
/home/data/images/iam/lines/h07/h07-030/h07-030-02.png,61278,investors by leasing part of the,32
/home/data/images/iam/lines/h07/h07-030/h07-030-03.png,50802,shopping area to companies,26
/home/data/images/iam/lines/h07/h07-030/h07-030-04.png,45173,experienced in commercial,25
/home/data/images/iam/lines/h07/h07-030/h07-030-05.png,78869,development who have undertaken,31
/home/data/images/iam/lines/h07/h07-030/h07-030-06.png,70057,the building and letting of the,31
/home/data/images/iam/lines/h07/h07-030/h07-030-08.png,75635,found it more satisfactory to build,35
/home/data/images/iam/lines/h07/h07-030a/h07-030a-01.png,27357,to attract private investors by leasing part,44
/home/data/images/iam/lines/h07/h07-030a/h07-030a-02.png,26276,of the shopping area to companies experienced,45
/home/data/images/iam/lines/h07/h07-030a/h07-030a-04.png,29339,undertaken the building and letting of the,42
/home/data/images/iam/lines/h07/h07-030a/h07-030a-08.png,25078,enable rents to be increased in scale with,42
/home/data/images/iam/lines/h07/h07-033/h07-033-01.png,65278,secures a balanced distribution,31
/home/data/images/iam/lines/h07/h07-033/h07-033-04.png,58465,reasonable degree of economic,29
/home/data/images/iam/lines/h07/h07-033/h07-033-09.png,66245,provide a living for the traders,32
/home/data/images/iam/lines/h07/h07-033a/h07-033a-06.png,27608,many at the start may not provide a living,42
/home/data/images/iam/lines/h07/h07-033a/h07-033a-08.png,30595,failure to attract custom and the habit of,42
/home/data/images/iam/lines/h07/h07-037/h07-037-01.png,68395,in the town centres has helped to,33
/home/data/images/iam/lines/h07/h07-037/h07-037-02.png,62432,bring custom to the shops and the,33
/home/data/images/iam/lines/h07/h07-037/h07-037-03.png,64115,initial fears of some of the,28
/home/data/images/iam/lines/h07/h07-037/h07-037-04.png,66607,shopkeepers that their trade,28
/home/data/images/iam/lines/h07/h07-037/h07-037-07.png,62801,has been introduced in a number,31
/home/data/images/iam/lines/h07/h07-037/h07-037-08.png,63161,of towns and has added to,25
/home/data/images/iam/lines/h07/h07-037/h07-037-09.png,74587,the interest of the town centre,31
/home/data/images/iam/lines/h07/h07-037a/h07-037a-01.png,22103,town centres has helped to bring custom,39
/home/data/images/iam/lines/h07/h07-037a/h07-037a-02.png,23648,to the shops and the initial fears of some,42
/home/data/images/iam/lines/h07/h07-037a/h07-037a-03.png,22750,of the shopkeepers that their trade would,41
/home/data/images/iam/lines/h07/h07-037a/h07-037a-05.png,28045,two levels has been introduced in a number,42
/home/data/images/iam/lines/h07/h07-037a/h07-037a-06.png,26569,of towns and has added to the interest of the,45
/home/data/images/iam/lines/h07/h07-040/h07-040-01.png,61150,from the large departmental store to the,40
/home/data/images/iam/lines/h07/h07-040/h07-040-03.png,48274,sited on corners or in separate courts,38
/home/data/images/iam/lines/h07/h07-040/h07-040-07.png,60074,to charge full commercial rents for,35
/home/data/images/iam/lines/h07/h07-040/h07-040-09.png,63078,cost of town centre development has,35
/home/data/images/iam/lines/h07/h07-040b/h07-040b-03.png,23618,sited on corners or in separate courts to avoid,47
/home/data/images/iam/lines/h07/h07-040b/h07-040b-08.png,31244,cost of town centre development has been very,45
/home/data/images/iam/lines/h07/h07-040b/h07-040b-09.png,27913,high in some cases with large paved areas,41
/home/data/images/iam/lines/h07/h07-044a/h07-044a-01.png,60095,ture on town and neighbourhood shopping,39
/home/data/images/iam/lines/h07/h07-044a/h07-044a-04.png,51520,commercial development that the,31
/home/data/images/iam/lines/h07/h07-044a/h07-044a-05.png,53038,corporations must look to recoup the,36
/home/data/images/iam/lines/h07/h07-044a/h07-044a-06.png,55609,high costs of main sewerage and,31
/home/data/images/iam/lines/h07/h07-051b/h07-051b-05.png,74355,administrative and research establishments,42
/home/data/images/iam/lines/h07/h07-051b/h07-051b-09.png,57384,of the town from the outset as one,34
/home/data/images/iam/lines/h07/h07-054a/h07-054a-01.png,56505,organisations have until quite recently shown,45
/home/data/images/iam/lines/h07/h07-054a/h07-054a-03.png,62653,the difficulty in the early years in recruiting,47
/home/data/images/iam/lines/h07/h07-054a/h07-054a-06.png,70637,with nearly half a million square feet of,41
/home/data/images/iam/lines/h07/h07-057a/h07-057a-01.png,61204,aware of the advantages of setting up offices in towns,54
/home/data/images/iam/lines/h07/h07-057a/h07-057a-02.png,64854,with a young and growing population and excellent,49
/home/data/images/iam/lines/h07/h07-057a/h07-057a-05.png,69301,hundred chairmen of companies with large offices,48
/home/data/images/iam/lines/h07/h07-060a/h07-060a-07.png,77448,the lease allowing for a future increase in rent to reflect,59
/home/data/images/iam/lines/h07/h07-060b/h07-060b-04.png,31707,and have also erected some buildings as a,41
/home/data/images/iam/lines/h07/h07-060b/h07-060b-07.png,35168,in many cases a break clause in the lease allowing,50
/home/data/images/iam/lines/h07/h07-060b/h07-060b-08.png,36898,for a future increase in rent to reflect rising,47
/home/data/images/iam/lines/h07/h07-063a/h07-063a-01.png,64045,shops in some of the town centres for the small type of,55
/home/data/images/iam/lines/h07/h07-063a/h07-063a-03.png,76037,established or about to be established in the new towns include,63
/home/data/images/iam/lines/h07/h07-063b/h07-063b-01.png,35378,floors over shops in some of the town centres for,49
/home/data/images/iam/lines/h07/h07-063b/h07-063b-03.png,36344,departments with branches established or about,46
/home/data/images/iam/lines/h07/h07-066a/h07-066a-03.png,71903,of the new town populations the number of children reaching,59
/home/data/images/iam/lines/h07/h07-066b/h07-066b-03.png,29541,of the abnormal age structure of the new town,45
/home/data/images/iam/lines/h07/h07-066b/h07-066b-04.png,31039,populations the number of children reaching,43
/home/data/images/iam/lines/h07/h07-069/h07-069-03.png,52017,new towns the percentage will generally go,42
/home/data/images/iam/lines/h07/h07-069/h07-069-06.png,46411,cent in some towns before it begins to,38
/home/data/images/iam/lines/h07/h07-071/h07-071-03.png,48653,part therefore local employment can,35
/home/data/images/iam/lines/h07/h07-071/h07-071-04.png,50383,be provided only by the expansion of existing,45
/home/data/images/iam/lines/h07/h07-071/h07-071-07.png,54050,not easily stimulated development of the service,48
/home/data/images/iam/lines/h07/h07-071/h07-071-09.png,57377,industry and commerce will be particularly important in,55
/home/data/images/iam/lines/h07/h07-071a/h07-071a-03.png,31435,local employment can be provided only by the,44
/home/data/images/iam/lines/h07/h07-071a/h07-071a-04.png,37917,expansion of existing industry and the introduction,51
/home/data/images/iam/lines/h07/h07-071a/h07-071a-06.png,40471,the expected but not easily stimulated development,50
/home/data/images/iam/lines/h07/h07-071a/h07-071a-08.png,36745,young people in industry and commerce will,42
/home/data/images/iam/lines/h07/h07-075/h07-075-01.png,54399,of the movement of employing firms with the,43
/home/data/images/iam/lines/h07/h07-075/h07-075-05.png,46858,offer a house or a flat at once to anyone,41
/home/data/images/iam/lines/h07/h07-075a/h07-075a-01.png,39281,nisation of the movement of employing firms with the,52
/home/data/images/iam/lines/h07/h07-075a/h07-075a-04.png,42809,new town corporations have been able to offer a house,53
/home/data/images/iam/lines/h07/h07-075a/h07-075a-06.png,35543,but in the main house building has lagged,41
/home/data/images/iam/lines/h07/h07-078/h07-078-02.png,57875,because the buoyancy of industry generates,42
/home/data/images/iam/lines/h07/h07-078/h07-078-04.png,47414,recent years the pressure on the building,41
/home/data/images/iam/lines/h07/h07-078/h07-078-08.png,53678,it difficult for corporations to achieve,40
/home/data/images/iam/lines/h07/h07-078a/h07-078a-07.png,41990,has made it difficult for corporations to achieve,49
/home/data/images/iam/lines/h07/h07-080/h07-080-02.png,52524,business to the new towns moved with them and,45
/home/data/images/iam/lines/h07/h07-080/h07-080-05.png,59471,industrial selection scheme by arrangement,42
/home/data/images/iam/lines/h07/h07-080/h07-080-07.png,49386,designed to ensure that vacancies in the,40
/home/data/images/iam/lines/h07/h07-080/h07-080-09.png,72390,locally are filled as far as possible from people,49
/home/data/images/iam/lines/h07/h07-080a/h07-080a-04.png,41732,the industrial selection scheme by arrangement with,51
/home/data/images/iam/lines/h07/h07-080a/h07-080a-07.png,47570,which cannot be filled locally are filled as far as,51
/home/data/images/iam/lines/h07/h07-084/h07-084-08.png,33186,half of whom are known to have been on local,44
/home/data/images/iam/lines/j01/j01-042/j01-042-01.png,26648,material in the sodium coolant circuit will start to,52
/home/data/images/iam/lines/j01/j01-042/j01-042-02.png,26471,oxidise the cell can only be used as has been,45
/home/data/images/iam/lines/j01/j01-042/j01-042-05.png,43565,oxygen potential the reference electrode could be held,54
/home/data/images/iam/lines/j01/j01-042/j01-042-06.png,31767,at that potential and oxidizing or reducing conditions,54
/home/data/images/iam/lines/j01/j01-042/j01-042-07.png,31323,in the coolant circuit for that material would be,49
/home/data/images/iam/lines/j01/j01-042/j01-042-08.png,36554,indicated by a negative or positive potential at the,52
/home/data/images/iam/lines/j01/j01-045/j01-045-01.png,27246,circuit a corrosion indicator could be a reference,50
/home/data/images/iam/lines/j01/j01-045/j01-045-02.png,33908,electrode of sodium saturated and equilibrated,46
/home/data/images/iam/lines/j01/j01-045/j01-045-03.png,33156,with niobium separated from the coolant by a,44
/home/data/images/iam/lines/j01/j01-045/j01-045-05.png,35697,the reference electrode would mean oxidizing,44
/home/data/images/iam/lines/j01/j01-049/j01-049-02.png,45741,suitable shapes impervious to gases and,39
/home/data/images/iam/lines/j01/j01-049/j01-049-03.png,50550,liquid sodium and which is neither,34
/home/data/images/iam/lines/j01/j01-049/j01-049-04.png,43576,corroded by sodium nor by sodium,32
/home/data/images/iam/lines/j01/j01-049/j01-049-06.png,53011,stabilised with lime and thoria doped,37
/home/data/images/iam/lines/j01/j01-059/j01-059-03.png,41507,out of the sodium stream through a close,40
/home/data/images/iam/lines/j01/j01-059/j01-059-09.png,42986,to the sodium by circlips on either side,40
/home/data/images/iam/lines/j01/j01-063/j01-063-01.png,53863,minimised by a close fitting cylindrical,40
/home/data/images/iam/lines/j01/j01-063/j01-063-04.png,68449,positioning of the probe relative to the coolant,48
/home/data/images/iam/lines/j01/j01-066/j01-066-03.png,68020,suggested that the above proposal will be successful,52
/home/data/images/iam/lines/j01/j01-066/j01-066-04.png,69423,but rather that it is worth a trial in the event of,51
/home/data/images/iam/lines/j01/j01-066/j01-066-05.png,71319,the inadequacy of some simpler method of,40
/home/data/images/iam/lines/j01/j01-066/j01-066-08.png,83626,determining partial molal free energies by solid,48
/home/data/images/iam/lines/j01/j01-070/j01-070-02.png,59861,electrode which of course led to a loss in,42
/home/data/images/iam/lines/j01/j01-070/j01-070-04.png,97153,electrodes are completely separated from one,44
/home/data/images/iam/lines/j01/j01-070/j01-070-05.png,69079,another so that this major source of,36
/home/data/images/iam/lines/j04/j04-012/j04-012-03.png,41318,absolute activity of the reference standards,44
/home/data/images/iam/lines/j04/j04-012/j04-012-04.png,42803,can be calculated from the known activity,41
/home/data/images/iam/lines/j04/j04-012/j04-012-07.png,42503,provided the same lead carrier solution is,42
/home/data/images/iam/lines/j04/j04-012/j04-012-08.png,46162,used to prepare the reference standards,39
/home/data/images/iam/lines/j04/j04-015/j04-015-01.png,63991,precipitates need be known because the concentration,52
/home/data/images/iam/lines/j04/j04-015/j04-015-02.png,59948,of the lead carrier solution cancels out of the,47
/home/data/images/iam/lines/j04/j04-015/j04-015-04.png,70492,detect the presence of any radioactive impurities in,52
/home/data/images/iam/lines/j04/j04-019/j04-019-07.png,57112,se results and those obtained using the original,48
/home/data/images/iam/lines/j04/j04-024/j04-024-02.png,54446,tion by coprecipitating the lead with a strontium,49
/home/data/images/iam/lines/j04/j04-024/j04-024-04.png,58355,stals so that the more insoluble lead sulphate,46
/home/data/images/iam/lines/j04/j04-024/j04-024-05.png,64774,is almost completely recovered even if precipitation,52
/home/data/images/iam/lines/j04/j04-024/j04-024-07.png,49217,ten milligrams of lead carrier and six,38
/home/data/images/iam/lines/j04/j04-035/j04-035-01.png,49138,minimum but the accuracy and precision of,41
/home/data/images/iam/lines/j04/j04-035/j04-035-04.png,62848,which had been calibrated with a set of certificated,52
/home/data/images/iam/lines/j04/j04-035/j04-035-08.png,58349,necessary if the analytical results are to,42
/home/data/images/iam/lines/j04/j04-039/j04-039-01.png,50706,liter of effluent and immediately coprecipitated with,53
/home/data/images/iam/lines/j04/j04-039/j04-039-04.png,59655,was added to alkaline effluent and allowed to,45
/home/data/images/iam/lines/j04/j04-039/j04-039-05.png,70901,stand for several days before the addition of lead,50
/home/data/images/iam/lines/j04/j04-039/j04-039-07.png,49925,per cent low when corrected for gravimetric recovery,52
/home/data/images/iam/lines/j04/j04-046/j04-046-01.png,42633,alkaline effluent does not prevent the,38
/home/data/images/iam/lines/j04/j04-046/j04-046-03.png,50036,conditions although some radioactivity remains,46
/home/data/images/iam/lines/j04/j04-046/j04-046-04.png,56195,on the algae until the metathesis has been,42
/home/data/images/iam/lines/j04/j04-046/j04-046-05.png,60196,completed by heating the mixed sulphates,40
/home/data/images/iam/lines/j04/j04-046/j04-046-08.png,51458,strength of the carbonate solution was,38
/home/data/images/iam/lines/j04/j04-046/j04-046-09.png,55163,chosen after experiments with lead tracer,41
/home/data/images/iam/lines/j04/j04-046/j04-046-10.png,48653,alone which indicated that less lead was,40
/home/data/images/iam/lines/j04/j04-053/j04-053-02.png,39249,sieved resin is washed repeatedly with distilled water,54
/home/data/images/iam/lines/j04/j04-053/j04-053-03.png,32398,to remove fines and then with hydrochloric acid to,50
/home/data/images/iam/lines/j04/j04-061/j04-061-04.png,35638,cylindrical separating funnel with a capillary tap,50
/home/data/images/iam/lines/j04/j04-065/j04-065-01.png,36042,experiment for each batch of resin using radioactive tracer,59
/home/data/images/iam/lines/j04/j04-065/j04-065-05.png,37737,that the fractions containing lead and bismuth are free,55
/home/data/images/iam/lines/j04/j04-065/j04-065-06.png,32621,of cross contamination apart from the natural,45
/home/data/images/iam/lines/j04/j04-065/j04-065-07.png,37479,ingrowth of the daughters arising from the decay of,51
/home/data/images/iam/lines/j04/j04-070/j04-070-02.png,74763,and therefore passes through in the feed solution and,53
/home/data/images/iam/lines/j04/j04-076/j04-076-02.png,59746,can be counted through an aluminium absorber,44
/home/data/images/iam/lines/j04/j04-076/j04-076-03.png,68231,sufficiently thick to stop the beta particles,45
/home/data/images/iam/lines/j04/j04-080/j04-080-06.png,46561,will distort the observed activity for,38
/home/data/images/iam/lines/j04/j04-080/j04-080-07.png,31429,hour and a half days if it is,29
/home/data/images/iam/lines/j04/j04-094/j04-094-03.png,40207,chromate from the aluminium counting tray together,50
/home/data/images/iam/lines/j04/j04-094/j04-094-05.png,37182,exchange separation has been checked by,39
/home/data/images/iam/lines/j04/j04-098/j04-098-01.png,47225,step when no correction for carrier,35
/home/data/images/iam/lines/j04/j04-098/j04-098-03.png,50971,of the chemical exchange between the,36
/home/data/images/iam/lines/j04/j04-098/j04-098-07.png,47516,were counted and dissolved in nitric,36
/home/data/images/iam/lines/j04/j04-098/j04-098-09.png,52987,were evaporated to dryness with,31
/home/data/images/iam/lines/j04/j04-098/j04-098-10.png,51771,bismuth carrier and then taken up in,36
/home/data/images/iam/lines/j04/j04-115/j04-115-06.png,54456,carrier was added and the analytical,36
/home/data/images/iam/lines/j06/j06-000/j06-000-01.png,54625,seem to migrate on some occasions while,39
/home/data/images/iam/lines/j06/j06-000/j06-000-05.png,68940,possible to find some regularity in the,39
/home/data/images/iam/lines/j06/j06-005/j06-005-02.png,58274,the surface is directly related to their,40
/home/data/images/iam/lines/j06/j06-005/j06-005-08.png,72849,at the surface while the young migrate,38
/home/data/images/iam/lines/j06/j06-008/j06-008-01.png,53300,could of course be considered the extreme,41
/home/data/images/iam/lines/j06/j06-008/j06-008-03.png,55053,day depths upon the surfacing of various,40
/home/data/images/iam/lines/j06/j06-008/j06-008-09.png,70530,apparently in the reverse manner to,35
/home/data/images/iam/lines/j06/j06-014/j06-014-10.png,96297,substantiated and involve whole populations,43
/home/data/images/iam/lines/j06/j06-018/j06-018-01.png,53201,reported also for the same species in,37
/home/data/images/iam/lines/j06/j06-018/j06-018-02.png,57067,the case of five of these examples,34
/home/data/images/iam/lines/j06/j06-018/j06-018-03.png,55274,and for other species in the same,33
/home/data/images/iam/lines/j06/j06-018/j06-018-06.png,70074,forms sometimes migrate and on other,36
/home/data/images/iam/lines/j06/j06-018/j06-018-08.png,74126,appear to remain permanently at,31
/home/data/images/iam/lines/j06/j06-018/j06-018-10.png,77314,incidence of migration in the,29
/home/data/images/iam/lines/j06/j06-022/j06-022-09.png,80847,longimanus also remains at one,30
/home/data/images/iam/lines/j06/j06-026/j06-026-02.png,50399,finmarchicus in the summer at,29
/home/data/images/iam/lines/j06/j06-026/j06-026-03.png,73143,the surface in bright sunlight,30
/home/data/images/iam/lines/j06/j06-026/j06-026-09.png,61059,into small circular ripples like,32
/home/data/images/iam/lines/j06/j06-030/j06-030-01.png,67749,interchange was taking place between,36
/home/data/images/iam/lines/j06/j06-030/j06-030-02.png,62736,the population at the surface and,33
/home/data/images/iam/lines/j06/j06-030/j06-030-04.png,62450,group whose normal vertical,27
/home/data/images/iam/lines/j06/j06-030/j06-030-05.png,72400,migration is sufficiently well,30
/home/data/images/iam/lines/j06/j06-030/j06-030-06.png,57472,known to make daytime,21
/home/data/images/iam/lines/j06/j06-030/j06-030-07.png,66257,occurrence at the surface,25
/home/data/images/iam/lines/j06/j06-030/j06-030-08.png,57693,rank as anomalous is the,24
/home/data/images/iam/lines/j06/j06-030/j06-030-10.png,100195,records of euphausiids swimming,31
/home/data/images/iam/lines/j06/j06-034/j06-034-01.png,63181,vertical migrations undoubtedly,31
/home/data/images/iam/lines/j06/j06-034/j06-034-02.png,61812,result from active swimming,27
/home/data/images/iam/lines/j06/j06-034/j06-034-03.png,72521,although passive movement through,33
/home/data/images/iam/lines/j06/j06-034/j06-034-04.png,81835,the water has been suggested on,31
/home/data/images/iam/lines/j06/j06-034/j06-034-06.png,56035,transport in vertical currents,30
/home/data/images/iam/lines/j06/j06-034/j06-034-09.png,60320,erences in water viscosity after,32
/home/data/images/iam/lines/j06/j06-034/j06-034-10.png,89142,temperature changes have also been,34
/home/data/images/iam/lines/j06/j06-051/j06-051-03.png,66091,must almost certainly be replaced,33
/home/data/images/iam/lines/j06/j06-051/j06-051-04.png,96812,by the headfirst downward swimming,34
/home/data/images/iam/lines/j06/j06-051/j06-051-07.png,80116,primary dependence of diurnal,29
/home/data/images/iam/lines/j06/j06-051/j06-051-08.png,87481,migrations upon changes in light intensity,42
/home/data/images/iam/lines/j06/j06-056/j06-056-01.png,82273,of light as the governing factor,32
/home/data/images/iam/lines/j06/j06-056/j06-056-02.png,67144,but combined its influence with that,36
/home/data/images/iam/lines/j06/j06-056/j06-056-05.png,73841,alone can provide an adequate,29
/home/data/images/iam/lines/j06/j06-056/j06-056-10.png,86678,with a suggestion that both,27
/home/data/images/iam/lines/j07/j07-000/j07-000-02.png,25414,aircraft industry brought even greater emphasis to the need,59
/home/data/images/iam/lines/j07/j07-005/j07-005-01.png,26974,foil bonded to the primary plates to,36
/home/data/images/iam/lines/j07/j07-005/j07-005-04.png,53058,chiefly to provide sufficient support for the flat plates to withstand,70
/home/data/images/iam/lines/j07/j07-005/j07-005-07.png,34553,for aircraft heat exchangers and led to substantial,51
/home/data/images/iam/lines/j07/j07-009/j07-009-03.png,22103,coefficients on the two sides of the heat exchanger,51
/home/data/images/iam/lines/j07/j07-009/j07-009-06.png,23190,greater part of the surface area could be made up,49
/home/data/images/iam/lines/j07/j07-012/j07-012-01.png,21208,the fins made possible a reduction in the total,47
/home/data/images/iam/lines/j07/j07-012/j07-012-02.png,21592,surface area required as compared with the use of,49
/home/data/images/iam/lines/j07/j07-012/j07-012-03.png,22418,smooth continuous passages for the same thermal,47
/home/data/images/iam/lines/j07/j07-012/j07-012-06.png,24658,thus developed found ready application on a,43
/home/data/images/iam/lines/j07/j07-012/j07-012-07.png,24496,much larger scale with the introduction of tonnage,50
/home/data/images/iam/lines/j07/j07-015/j07-015-03.png,20963,extended in length and width up to the limit of,47
/home/data/images/iam/lines/k01/k01-051/k01-051-08.png,37795,spent in committee making decisions for others,46
/home/data/images/iam/lines/k01/k01-051/k01-051-09.png,34103,to execute on the basis of data laboriously,43
/home/data/images/iam/lines/k02/k02-018/k02-018-04.png,29116,rather surprised me from a young man,36
/home/data/images/iam/lines/k02/k02-036/k02-036-06.png,38216,never given him similar cause to display,40
/home/data/images/iam/lines/k02/k02-062/k02-062-03.png,46929,been enough to make me conscious of the,39
/home/data/images/iam/lines/k02/k02-062/k02-062-06.png,54815,probably thought my appearance quite a breach,45
/home/data/images/iam/lines/k02/k02-076/k02-076-05.png,46233,get to know the kind of life,28
/home/data/images/iam/lines/k02/k02-097/k02-097-05.png,39440,he was merely interested in the unfamiliar,42
/home/data/images/iam/lines/k02/k02-102/k02-102-06.png,28216,then decided to bathe and dress for a rather early,50
/home/data/images/iam/lines/k02/k02-117/k02-117-06.png,42092,morning to retire as soon as it seemed,38
/home/data/images/iam/lines/k02/k02-117/k02-117-08.png,62408,already anticipating the familiar pleasures,43
/home/data/images/iam/lines/k03/k03-138/k03-138-05.png,46755,was repeating an argument which he had already,46
/home/data/images/iam/lines/k03/k03-164/k03-164-02.png,47835,disturbed by the new and rather ugly image of,45
/home/data/images/iam/lines/k04/k04-005/k04-005-05.png,71397,wearied of his toy and was packing it away in its painted,57
/home/data/images/iam/lines/k04/k04-010/k04-010-06.png,66314,a wide and shallow flight of marble,35
/home/data/images/iam/lines/k04/k04-033/k04-033-03.png,46007,and commenting on the glowing hues and barbaric,47
/home/data/images/iam/lines/k04/k04-054/k04-054-01.png,58342,and moved away from him towards the group,41
/home/data/images/iam/lines/k04/k04-057/k04-057-03.png,50128,money from that indulgent parent to settle her mounting,55
/home/data/images/iam/lines/k04/k04-061/k04-061-03.png,51732,of her grey life with the splendid one that filled,50
/home/data/images/iam/lines/k04/k04-064/k04-064-02.png,35959,values were those of the materialist who assesses,49
/home/data/images/iam/lines/k04/k04-068/k04-068-02.png,40983,futile creature who had not even proved capable of giving,57
/home/data/images/iam/lines/k04/k04-075/k04-075-06.png,66136,to which her own had responded as it,36
/home/data/images/iam/lines/k04/k04-079/k04-079-04.png,76538,she allowed herself the luxury of,33
/home/data/images/iam/lines/k04/k04-093/k04-093-02.png,51389,crouching in the doorway of the church and exhibiting,53
/home/data/images/iam/lines/k04/k04-093/k04-093-07.png,57868,averted her head to avoid the impertinent glance,48
/home/data/images/iam/lines/k04/k04-103/k04-103-02.png,45543,breaking of the aqueducts during the barbarian invasions,56
/home/data/images/iam/lines/k04/k04-103/k04-103-04.png,42531,stone quarries and their precious marble had been,49
/home/data/images/iam/lines/k04/k04-106/k04-106-01.png,58006,could see a wisp of smoke curling above the fire of a,53
/home/data/images/iam/lines/k04/k04-106/k04-106-02.png,60718,gypsy encampment and a few tatterdemalion creatures,51
/home/data/images/iam/lines/k04/k04-110/k04-110-08.png,67458,was that other people were equally absorbed,43
/home/data/images/iam/lines/k04/k04-149/k04-149-02.png,54276,with flushed cheeks and eyes sparkling with,43
/home/data/images/iam/lines/k04/k04-156/k04-156-05.png,70209,be so good as to order your men not to molest my,48
/home/data/images/iam/lines/k07/k07-059a/k07-059a-05.png,47610,creep down along her smooth muscles till he lost,48
/home/data/images/iam/lines/k07/k07-063a/k07-063a-03.png,45835,thought no human being could stand without,42
/home/data/images/iam/lines/k07/k07-122/k07-122-02.png,85732,the slight beads of sweat come out on,37
/home/data/images/iam/lines/k07/k07-122/k07-122-03.png,71127,her glistening skin and see her move,36
/home/data/images/iam/lines/k07/k07-122/k07-122-05.png,62639,in an attempt to receive a caress he was,40
/home/data/images/iam/lines/k07/k07-122/k07-122-07.png,91612,moan of full satisfaction and feel her,38
/home/data/images/iam/lines/k07/k07-125/k07-125-04.png,58990,to say he loved her because he knew it to,41
/home/data/images/iam/lines/k07/k07-134/k07-134-06.png,66878,pushed him back when he kissed her too,38
/home/data/images/iam/lines/k07/k07-141/k07-141-03.png,69371,laugh when something went wrong or the,38
/home/data/images/iam/lines/k07/k07-146/k07-146-01.png,85963,bathroom and stood there shivering for,38
/home/data/images/iam/lines/k07/k07-146/k07-146-02.png,84165,fifteen minutes while their guest was,37
/home/data/images/iam/lines/k07/k07-152/k07-152-04.png,56323,of her marriage and asked her why,33
/home/data/images/iam/lines/k07/k07-176/k07-176-08.png,57870,married her bill broker some time,33
/home/data/images/iam/lines/k07/k07-176/k07-176-09.png,62493,ago and he now shuddered when he,32
/home/data/images/iam/lines/k07/k07-176/k07-176-10.png,55993,remembered the clinical weekends,32
/home/data/images/iam/lines/k07/k07-185/k07-185-01.png,63675,her reactions if he had once treated,36
/home/data/images/iam/lines/k07/k07-185/k07-185-05.png,67969,called it a shocking waste of time,34
/home/data/images/iam/lines/k07/k07-185/k07-185-06.png,55293,and told him to get down to,27
/home/data/images/iam/lines/k07/k07-185/k07-185-08.png,50815,at home at all sorts of artistic,32
/home/data/images/iam/lines/k07/k07-185/k07-185-10.png,58933,him a membership ticket for a,29
/home/data/images/iam/lines/l01/l01-023/l01-023-01.png,58293,plausible story or other and threw himself on,45
/home/data/images/iam/lines/l01/l01-030/l01-030-02.png,49747,look around for some other,26
/home/data/images/iam/lines/l01/l01-050/l01-050-06.png,46789,once and report exactly what he had,35
/home/data/images/iam/lines/l01/l01-065/l01-065-02.png,89054,began by agreeing that she could,32
/home/data/images/iam/lines/l01/l01-065/l01-065-03.png,69648,have been mistaken about the,28
/home/data/images/iam/lines/l01/l01-065/l01-065-06.png,89453,by admitting that he was in fact,32
/home/data/images/iam/lines/l01/l01-065/l01-065-07.png,79257,at least half an hour late for,30
/home/data/images/iam/lines/l01/l01-095/l01-095-06.png,30224,have to remain in bed for some time and,39
/home/data/images/iam/lines/l01/l01-095/l01-095-07.png,34246,that thereafter it was essential that she should,48
/home/data/images/iam/lines/l01/l01-105/l01-105-04.png,52524,minable howling and were directed at,36
/home/data/images/iam/lines/l01/l01-105/l01-105-08.png,54934,with unpredictable bouts of energy in,37
/home/data/images/iam/lines/l01/l01-105/l01-105-09.png,61410,the grip of which she swept through,35
/home/data/images/iam/lines/l01/l01-105/l01-105-10.png,52401,the house with a fury that disarranged,38
/home/data/images/iam/lines/l01/l01-129/l01-129-05.png,36632,brought home a woman in her middle,34
/home/data/images/iam/lines/l01/l01-129/l01-129-06.png,32926,thirties and took her straight to his,37
/home/data/images/iam/lines/l01/l01-143/l01-143-02.png,76175,the edge of the bed and holding one,35
/home/data/images/iam/lines/l01/l01-173/l01-173-06.png,67752,you stick it out up here and we all get,39
/home/data/images/iam/lines/l01/l01-179/l01-179-05.png,112053,listened to the dwindling screams of the,40
/home/data/images/iam/lines/l01/l01-187/l01-187-05.png,73596,gradually to become a little cleaner and,40
/home/data/images/iam/lines/l01/l01-187/l01-187-08.png,72770,together he often explained all over again,42
/home/data/images/iam/lines/l01/l01-187/l01-187-09.png,64900,how shrewd he had been in discovering,37
/home/data/images/iam/lines/l01/l01-199/l01-199-02.png,77499,wonder he tried to have me suffocated back,42
/home/data/images/iam/lines/l01/l01-199/l01-199-09.png,85388,and it would not be of much use if,34
/home/data/images/iam/lines/l03/l03-004/l03-004-01.png,71051,above the boney knob which landmarked the cervical,50
/home/data/images/iam/lines/l03/l03-004/l03-004-08.png,75362,automatic sent a new confidence surging through,47
/home/data/images/iam/lines/l03/l03-008/l03-008-08.png,63286,he threw himself across the floor,33
/home/data/images/iam/lines/l04/l04-034/l04-034-06.png,54785,nodded his grizzled head like an old,36
/home/data/images/iam/lines/l04/l04-062/l04-062-03.png,52470,he concentrated on the problem of,33
/home/data/images/iam/lines/l04/l04-062/l04-062-05.png,57144,manner in which he had dispatched,33
/home/data/images/iam/lines/l04/l04-071/l04-071-01.png,41652,pretence and shown her the honest desperation of his feeling,60
/home/data/images/iam/lines/l04/l04-071/l04-071-07.png,48346,had money to spend and she was a girl who had a healthy,55
/home/data/images/iam/lines/l04/l04-098/l04-098-01.png,63341,for the time being than behind a piece,38
/home/data/images/iam/lines/l04/l04-098/l04-098-04.png,67198,heavy padlock for the box and search,36
/home/data/images/iam/lines/l04/l04-102/l04-102-04.png,59709,the pitiless blue eyes that seemed to strip,43
/home/data/images/iam/lines/l04/l04-102/l04-102-05.png,75130,him right down to his abjectly quaking,38
/home/data/images/iam/lines/l04/l04-113/l04-113-03.png,36401,scraps of evidence and piecing them together for four,53
/home/data/images/iam/lines/l04/l04-118/l04-118-03.png,45732,he fills in an important part of the,36
/home/data/images/iam/lines/l04/l04-118/l04-118-06.png,57702,intention to leave the country on the night,43
/home/data/images/iam/lines/l04/l04-124/l04-124-01.png,53243,that was habitual to him but his eyes showed,44
/home/data/images/iam/lines/l04/l04-124/l04-124-07.png,65174,person had a gun and he managed to persuade,43
/home/data/images/iam/lines/l04/l04-141/l04-141-02.png,56983,the next boat across the channel and has been lying low,55
/home/data/images/iam/lines/l04/l04-141/l04-141-05.png,64771,where a man could easily hide up and change the money,53
/home/data/images/iam/lines/l04/l04-153/l04-153-03.png,41459,their point of view the evidence for suicide is,47
/home/data/images/iam/lines/l04/l04-159/l04-159-03.png,50711,unnatural for a man in his position to make provision,53
/home/data/images/iam/lines/l04/l04-159/l04-159-04.png,56498,for an unknown dependent or settle what he regarded,51
/home/data/images/iam/lines/l04/l04-159/l04-159-05.png,58549,as particular debts of honour before taking his own,51
/home/data/images/iam/lines/l04/l04-163/l04-163-02.png,46572,that absolutely ties the missing money to the,45
/home/data/images/iam/lines/l04/l04-170/l04-170-06.png,43950,ruddy complexion came over and greeted,38
/home/data/images/iam/lines/l07/l07-080/l07-080-05.png,59296,how much the idea appealed to,29
/home/data/images/iam/lines/l07/l07-080/l07-080-07.png,51842,only have said such a thing,27
/home/data/images/iam/lines/l07/l07-080/l07-080-08.png,54970,because he did not know the,27
/home/data/images/iam/lines/l07/l07-085/l07-085-07.png,56901,your mind for you one of these,30
/home/data/images/iam/lines/l07/l07-111/l07-111-05.png,69800,in a loud tartan shirt and abbreviated,38
/home/data/images/iam/lines/l07/l07-111/l07-111-06.png,65607,shorts he looked hardly more than,33
/home/data/images/iam/lines/l07/l07-111/l07-111-09.png,54847,with touching care and then,27
/home/data/images/iam/lines/l07/l07-111/l07-111-10.png,59013,drove like a fiend along,24
/home/data/images/iam/lines/l07/l07-118/l07-118-01.png,75320,and helped me out with the same,31
/home/data/images/iam/lines/l07/l07-131/l07-131-01.png,93882,roomy enough and well lit by two rows of,40
/home/data/images/iam/lines/l07/l07-131/l07-131-05.png,84538,man whose family had tired of the,33
/home/data/images/iam/lines/l07/l07-131/l07-131-06.png,89975,limited excitement of the river and now,39
/home/data/images/iam/lines/l07/l07-135/l07-135-01.png,91173,haggled with him and within half an hour,40
/home/data/images/iam/lines/l07/l07-135/l07-135-04.png,82632,had been settled and the owner had,34
/home/data/images/iam/lines/l07/l07-135/l07-135-07.png,97075,first lesson in manoeuvring up and down,39
/home/data/images/iam/lines/l07/l07-138/l07-138-01.png,99358,fish and the gentle putter of the engine,40
/home/data/images/iam/lines/l07/l07-138/l07-138-05.png,91249,me riverworthy and wanted to know when,38
/home/data/images/iam/lines/l07/l07-172/l07-172-04.png,61685,when we had installed my things and the,39
/home/data/images/iam/lines/l07/l07-172/l07-172-06.png,57018,with flocks of sailing boats which,34
/home/data/images/iam/lines/l07/l07-172/l07-172-07.png,61608,swirled round us like gulls and there,37
/home/data/images/iam/lines/l07/l07-172/l07-172-09.png,58706,seemed to know exactly what to do,33
/home/data/images/iam/lines/l07/l07-172/l07-172-10.png,64383,and at the same time kept me supplied,37
/home/data/images/iam/lines/l07/l07-181/l07-181-01.png,58155,is always something new and exciting to,39
/home/data/images/iam/lines/l07/l07-181/l07-181-06.png,55643,when we tied up almost exactly opposite,39
/home/data/images/iam/lines/l07/l07-187/l07-187-01.png,60426,it stood a long way back from the water,39
/home/data/images/iam/lines/l07/l07-187/l07-187-02.png,60670,at the end of a velvety lawn flanked with,41
/home/data/images/iam/lines/l07/l07-187/l07-187-06.png,52936,was built across a narrow backwater,35
/home/data/images/iam/lines/l07/l07-187/l07-187-07.png,54878,and there was a delicate iron staircase,39
/home/data/images/iam/lines/m01/m01-012/m01-012-02.png,77288,by degrees the rotating objects,31
/home/data/images/iam/lines/m01/m01-012/m01-012-09.png,103126,the heights beyond were in,26
/home/data/images/iam/lines/m01/m01-022/m01-022-01.png,48852,as though his nose had been pushed back and his eyes and cheeks,63
/home/data/images/iam/lines/m01/m01-049/m01-049-07.png,60106,and walked on the very tips of,30
/home/data/images/iam/lines/m01/m01-060/m01-060-01.png,73769,hands together between his knees and leaning,44
/home/data/images/iam/lines/m01/m01-060/m01-060-06.png,72571,upward and shook his head slowly from,37
/home/data/images/iam/lines/m01/m01-079/m01-079-03.png,59015,apartment he garaged his car and then stood,43
/home/data/images/iam/lines/m01/m01-095/m01-095-02.png,68796,flying saucer was tilting and dipping over,42
/home/data/images/iam/lines/m01/m01-095/m01-095-05.png,64877,overtone that sang in his ears with an,38
/home/data/images/iam/lines/m01/m01-100/m01-100-05.png,77701,and to decide on what seemed to be the best,43
/home/data/images/iam/lines/m01/m01-104/m01-104-03.png,86966,selves in their zeal to get their orders and to carry,53
/home/data/images/iam/lines/m01/m01-110/m01-110-02.png,62828,they will promptly give us their hypnotic,41
/home/data/images/iam/lines/m01/m01-110/m01-110-05.png,56808,move about pretty freely without,32
/home/data/images/iam/lines/m01/m01-110/m01-110-07.png,37616,may be able to promote our own,30
/home/data/images/iam/lines/m01/m01-121/m01-121-06.png,89558,not have been entirely an objective suggestion,46
/home/data/images/iam/lines/m01/m01-125/m01-125-04.png,53109,ventured forth and made their way on,36
/home/data/images/iam/lines/m01/m01-125/m01-125-06.png,50021,to the door at their ring but neglected,39
/home/data/images/iam/lines/m01/m01-125/m01-125-09.png,51024,ringing of a doorbell was to him,32
/home/data/images/iam/lines/m01/m01-131/m01-131-01.png,62885,gave the impression of having been thought out and,50
/home/data/images/iam/lines/m01/m01-131/m01-131-05.png,60235,their heads like tennis spectators as he walked up and,54
/home/data/images/iam/lines/m01/m01-136/m01-136-01.png,63585,impatience pending an awaited,29
/home/data/images/iam/lines/m01/m01-136/m01-136-02.png,54654,communication and of a vague,28
/home/data/images/iam/lines/m01/m01-136/m01-136-03.png,96597,perplexity respecting his surroundings,38
/home/data/images/iam/lines/m01/m01-136/m01-136-09.png,73614,turned the tuning knob through all the,38
/home/data/images/iam/lines/m01/m01-160/m01-160-06.png,58705,relatively long doleful one,27
/home/data/images/iam/lines/m02/m02-048/m02-048-09.png,45906,research at first hand into matters on which,44
/home/data/images/iam/lines/m02/m02-066/m02-066-03.png,52780,penetrate beyond the minds of astronomers was of general,56
/home/data/images/iam/lines/m02/m02-075/m02-075-04.png,53464,as soon as he had spoken a few,30
/home/data/images/iam/lines/m02/m02-080/m02-080-08.png,38686,has come for him to be taken seriously,38
/home/data/images/iam/lines/m02/m02-083/m02-083-06.png,32364,by bragging how he had once won a trick from,44
/home/data/images/iam/lines/m02/m02-087/m02-087-05.png,35832,so sharply in international politics were as abstract,53
/home/data/images/iam/lines/m02/m02-087/m02-087-06.png,28164,to him as those a lawyer makes in a court,41
/home/data/images/iam/lines/m02/m02-095/m02-095-05.png,61422,haps nurture a genuinely civilizing impulse,43
/home/data/images/iam/lines/m02/m02-095/m02-095-06.png,41130,which might in time become social fact,38
/home/data/images/iam/lines/m02/m02-095/m02-095-07.png,35195,and counteract the obsession with economics,43
/home/data/images/iam/lines/m02/m02-102/m02-102-03.png,42026,bought their college education forward and,42
/home/data/images/iam/lines/m02/m02-102/m02-102-04.png,36745,were now being bought forward in their,38
/home/data/images/iam/lines/m02/m02-102/m02-102-07.png,35256,businesses would pick on young men,34
/home/data/images/iam/lines/m02/m02-102/m02-102-09.png,29800,would be initialled at the end of,33
/home/data/images/iam/lines/m02/m02-106/m02-106-03.png,35014,these fine young people was closely geared to,45
/home/data/images/iam/lines/m02/m02-109/m02-109-04.png,30471,minions could do to him would ever make him,43
/home/data/images/iam/lines/m02/m02-109/m02-109-06.png,32784,neurosis and not in some eruption from those,44
/home/data/images/iam/lines/m02/m02-109/m02-109-07.png,51069,deeper layers in the human psyche which are,43
/home/data/images/iam/lines/m03/m03-062/m03-062-02.png,23704,resemblance to the shrunk heads we had,38
/home/data/images/iam/lines/m03/m03-062/m03-062-04.png,34910,hesitation in saying that they would have,41
/home/data/images/iam/lines/m03/m03-062/m03-062-05.png,32553,made an end of us but for an intervention,41
/home/data/images/iam/lines/m03/m03-062/m03-062-07.png,25060,necessity of rounding my narrative,34
/home/data/images/iam/lines/m03/m03-095/m03-095-01.png,64164,hut had recently been cleaned and,33
/home/data/images/iam/lines/m03/m03-095/m03-095-03.png,57665,we were to go no further unless and,35
/home/data/images/iam/lines/m03/m03-095/m03-095-05.png,78072,another impression that became more,35
/home/data/images/iam/lines/m03/m03-114/m03-114-04.png,73333,we were all invaded by a most tranquil,38
/home/data/images/iam/lines/m03/m03-118/m03-118-01.png,32025,far from our minds that at any moment we were,45
/home/data/images/iam/lines/m04/m04-012/m04-012-02.png,52377,watched it go from the windows of the,37
/home/data/images/iam/lines/m04/m04-012/m04-012-08.png,45135,returning to her home town as a,31
/home/data/images/iam/lines/m04/m04-019/m04-019-05.png,46900,will not be remembering a mere garage,37
/home/data/images/iam/lines/m04/m04-019/m04-019-06.png,40821,hand when you are lording it over,33
/home/data/images/iam/lines/m04/m04-024/m04-024-05.png,51176,new world she was entering there might,38
/home/data/images/iam/lines/m04/m04-072/m04-072-06.png,65962,as with trembling fingers he fastened his,41
/home/data/images/iam/lines/m04/m04-078/m04-078-06.png,75333,the fact that the green earth was falling,41
/home/data/images/iam/lines/m04/m04-093/m04-093-08.png,52513,very moment when we should be,29
/home/data/images/iam/lines/m04/m04-107/m04-107-06.png,100850,though half an hour ago she had,31
/home/data/images/iam/lines/m04/m04-107/m04-107-07.png,96375,regarded this possibility with,30
/home/data/images/iam/lines/m04/m04-138/m04-138-07.png,96984,hurrying blur that was past and gone,36
/home/data/images/iam/lines/m04/m04-200/m04-200-06.png,41554,they could have measured up the road and,40
/home/data/images/iam/lines/m04/m04-209/m04-209-03.png,32334,be written off as one of those unexplained,42
/home/data/images/iam/lines/m04/m04-216/m04-216-04.png,40399,his position by lighting bonfires or hoisting a,47
/home/data/images/iam/lines/m06/m06-098/m06-098-05.png,45660,of an afternoon that would somewhere lead to,44
/home/data/images/iam/lines/m06/m06-106/m06-106-01.png,45235,for those negligible events that seemed so large to,51
/home/data/images/iam/lines/m06/m06-106/m06-106-05.png,50057,with their wings soon died away as the wonderful,48
/home/data/images/iam/lines/n01/n01-000/n01-000-01.png,65071,been inclined to regard women as something,42
/home/data/images/iam/lines/n01/n01-000/n01-000-02.png,51326,which must necessarily be subordinated to his,45
/home/data/images/iam/lines/n01/n01-000/n01-000-05.png,62506,whom he had never met and on whom after no more,47
/home/data/images/iam/lines/n01/n01-000/n01-000-06.png,48725,than a couple of telephone calls he was,39
/home/data/images/iam/lines/n01/n01-004/n01-004-01.png,85423,quite unable to explain why he should feel,42
/home/data/images/iam/lines/n01/n01-004/n01-004-04.png,95729,obvious that she did not fail to appreciate the,47
/home/data/images/iam/lines/n01/n01-004/n01-004-05.png,97596,faith which he was placing in her and,37
/home/data/images/iam/lines/n01/n01-009/n01-009-06.png,63356,uneventful life had he come across a girl who,45
/home/data/images/iam/lines/n01/n01-009/n01-009-07.png,63727,sounded so charming and appeared to be so,41
/home/data/images/iam/lines/n01/n01-020/n01-020-02.png,110686,physical features were distinguishable solely by,48
/home/data/images/iam/lines/n01/n01-031/n01-031-01.png,53082,make a direct comparison between the radar,42
/home/data/images/iam/lines/n01/n01-031/n01-031-05.png,60878,scanner could be adjusted to cover any,38
/home/data/images/iam/lines/n01/n01-031/n01-031-07.png,54570,turned the scale slowly to cover the,36
/home/data/images/iam/lines/n01/n01-045/n01-045-01.png,74230,pitch changed as the nose of the aircraft,41
/home/data/images/iam/lines/n01/n01-045/n01-045-08.png,87899,they were still more than four hundred,38
/home/data/images/iam/lines/n01/n01-052/n01-052-04.png,96418,along which he had motored so desperately little,48
/home/data/images/iam/lines/n01/n01-052/n01-052-11.png,114685,of the journey back to the place where every,44
/home/data/images/iam/lines/n01/n01-057/n01-057-02.png,75597,him at the temporary bridge over the,36
/home/data/images/iam/lines/n01/n01-057/n01-057-05.png,96692,on the presumption that its route had been,42
/home/data/images/iam/lines/n02/n02-028/n02-028-08.png,125172,earned gratuity to his native village at the,44
/home/data/images/iam/lines/n02/n02-033/n02-033-05.png,27675,learn that he could not treat her,33
/home/data/images/iam/lines/n02/n02-033/n02-033-07.png,29507,her explanations as though he were,34
/home/data/images/iam/lines/n02/n02-037/n02-037-07.png,32489,her great disappointment at being,33
/home/data/images/iam/lines/n02/n02-040/n02-040-04.png,86945,to make you understand just what happened,41
/home/data/images/iam/lines/n02/n02-045/n02-045-06.png,83055,sugary things you ought to have been there,42
/home/data/images/iam/lines/n02/n02-054/n02-054-01.png,64191,to understand all the whys and,30
/home/data/images/iam/lines/n02/n02-054/n02-054-07.png,93234,brought the jeep to a standstill in a rough,43
/home/data/images/iam/lines/n02/n02-151/n02-151-05.png,83665,made her send a complacent glance,33
/home/data/images/iam/lines/n02/n02-151/n02-151-08.png,94407,trying to worry her into the belief,35
/home/data/images/iam/lines/n02/n02-151/n02-151-09.png,97921,that her failure to appear at a function,40
/home/data/images/iam/lines/n03/n03-038/n03-038-04.png,76803,did not act as though he found it necessary,43
/home/data/images/iam/lines/n03/n03-064/n03-064-01.png,50485,white spray could be seen flying across the distance,52
/home/data/images/iam/lines/n03/n03-064/n03-064-04.png,49637,close to the rocks that it would be dashed,42
/home/data/images/iam/lines/n03/n03-066/n03-066-04.png,37826,yawl had rounded the rocky point instead of,43
/home/data/images/iam/lines/n03/n03-066/n03-066-05.png,37103,being flung against the huge boulders did the judge,51
/home/data/images/iam/lines/n03/n03-066/n03-066-06.png,32497,empty his lungs of stifling air and refill them,47
/home/data/images/iam/lines/n03/n03-079/n03-079-02.png,38682,where it had a straight blow of eight miles,43
/home/data/images/iam/lines/n03/n03-079/n03-079-05.png,40690,out and sucked in his baggy black,33
/home/data/images/iam/lines/n03/n03-082/n03-082-04.png,74372,see that fool boy of mine out there on,38
/home/data/images/iam/lines/n03/n03-091/n03-091-06.png,38680,prepared to make a safe though violent landing,46
/home/data/images/iam/lines/n03/n03-091/n03-091-07.png,42371,when there came a sudden gust of wind,37
/home/data/images/iam/lines/n03/n03-097/n03-097-01.png,67048,is going to try to make a landing on the,40
/home/data/images/iam/lines/n03/n03-097/n03-097-06.png,60959,jibbing the boom to which he had the,36
/home/data/images/iam/lines/n03/n03-103/n03-103-01.png,78560,as though his son would actually,32
/home/data/images/iam/lines/n03/n03-103/n03-103-02.png,67352,shoot the craft in under the outer,34
/home/data/images/iam/lines/n03/n03-103/n03-103-04.png,88173,the tiller hard over and at the,31
/home/data/images/iam/lines/n03/n03-103/n03-103-05.png,86876,same time dropping the small sheet,34
/home/data/images/iam/lines/n03/n03-103/n03-103-09.png,71635,the yawl up against the waves,29
/home/data/images/iam/lines/n03/n03-106/n03-106-03.png,41610,mine seems to know how to do,28
/home/data/images/iam/lines/n03/n03-113/n03-113-02.png,48614,drag the boat ashore and turn,29
/home/data/images/iam/lines/n03/n03-113/n03-113-05.png,63404,surprised if we broke all,25
/home/data/images/iam/lines/n03/n03-120/n03-120-02.png,45316,dragged out but before it was turned,36
/home/data/images/iam/lines/n03/n03-126/n03-126-03.png,69086,few moments later the yawl was upside,37
/home/data/images/iam/lines/n04/n04-015/n04-015-02.png,64589,too fresh in both their minds to be a comfortable,49
/home/data/images/iam/lines/n04/n04-022/n04-022-04.png,73951,stockbroker chap and shared him with his three,46
/home/data/images/iam/lines/n04/n04-031/n04-031-02.png,72483,write to those agents and try to get a flat in,46
/home/data/images/iam/lines/n04/n04-039/n04-039-02.png,71478,burden and prepared to break up yet,35
/home/data/images/iam/lines/n04/n04-044/n04-044-09.png,75440,instilled by martinet parents have a habit of,45
/home/data/images/iam/lines/n04/n04-048/n04-048-08.png,80216,man who was staring moodily into a gin,38
/home/data/images/iam/lines/n04/n04-052/n04-052-01.png,91477,must have been worth a great deal to the proprietors,52
/home/data/images/iam/lines/n04/n04-052/n04-052-03.png,88215,than her usual cordiality and flashed a warning,47
/home/data/images/iam/lines/n04/n04-068/n04-068-03.png,87440,would have to leave the bar and either sit in,45
/home/data/images/iam/lines/n04/n04-075/n04-075-06.png,88695,printed at the head of most naval articles,42
/home/data/images/iam/lines/n04/n04-100/n04-100-05.png,67460,he was on the verge of a new chapter in,39
/home/data/images/iam/lines/n04/n04-130/n04-130-04.png,89336,refilled glass and looked over the rim at his,45
/home/data/images/iam/lines/n04/n04-156/n04-156-06.png,64131,the vestibule the two men were well,35
/home/data/images/iam/lines/n04/n04-163/n04-163-03.png,65449,take you round the pubs where most,34
/home/data/images/iam/lines/n04/n04-213/n04-213-06.png,51978,though in peace time these happenings are few and,49
/home/data/images/iam/lines/n04/n04-218/n04-218-01.png,38441,a national disaster and then when it is all over life,53
/home/data/images/iam/lines/n04/n04-218/n04-218-03.png,46766,must present an unruffled appearance and carry on as,52
/home/data/images/iam/lines/n04/n04-218/n04-218-07.png,47221,his surviving submarines a good deal harder than,48
/home/data/images/iam/lines/n04/n04-218/n04-218-08.png,54784,usual and in fact had applied all the usual specifics,53
/home/data/images/iam/lines/n06/n06-074/n06-074-01.png,45939,thinking what a skill he had for reading,40
/home/data/images/iam/lines/n06/n06-082/n06-082-06.png,38551,us to bother with the coach and the folks,41
/home/data/images/iam/lines/n06/n06-100/n06-100-05.png,47840,fascinated by the way he looked when you,40
/home/data/images/iam/lines/n06/n06-111/n06-111-04.png,44180,his horse back off the trail and up the slope,45
/home/data/images/iam/lines/n06/n06-111/n06-111-06.png,45940,top you could see something of the wild hill,44
/home/data/images/iam/lines/n06/n06-119/n06-119-01.png,33266,could see far over west and north for many,42
/home/data/images/iam/lines/n06/n06-123/n06-123-07.png,45353,got hotter as the day wore on and we rested,43
/home/data/images/iam/lines/n06/n06-123/n06-123-08.png,58049,gratefully by a small creek where we watered,44
/home/data/images/iam/lines/n06/n06-123/n06-123-09.png,41073,the horses and drank enough to cure our,39
/home/data/images/iam/lines/n06/n06-128/n06-128-03.png,35033,miles it led into a small canyon which,38
/home/data/images/iam/lines/n06/n06-128/n06-128-07.png,40693,over a fairly wide area working singly or,41
/home/data/images/iam/lines/n06/n06-133/n06-133-02.png,38772,shack and as we got near someone inside bawled,46
/home/data/images/iam/lines/n06/n06-140/n06-140-02.png,40984,peeking out through a hole in the shack never,45
/home/data/images/iam/lines/n06/n06-163/n06-163-07.png,33183,had tin mugs filled with hot black coffee,41
/home/data/images/iam/lines/n06/n06-163/n06-163-08.png,34025,sweetened with molasses for all and for us,42
/home/data/images/iam/lines/n06/n06-182/n06-182-02.png,27976,simple men who knew a lot maybe about,37
/home/data/images/iam/lines/n06/n06-182/n06-182-03.png,28969,digging for gold but were babes in arms,39
/home/data/images/iam/lines/n06/n06-182/n06-182-04.png,31911,when it came to dealing with owlhooters and,43
/home/data/images/iam/lines/p01/p01-147/p01-147-01.png,46787,of the church where there was a small open,42
/home/data/images/iam/lines/p01/p01-147/p01-147-02.png,53699,outbuilding where the grave digger kept his spades,50
/home/data/images/iam/lines/p01/p01-147/p01-147-08.png,46579,a man was drowning and towards his last,39
/home/data/images/iam/lines/p01/p01-147/p01-147-09.png,65758,gasp it was scientifically supposed his whole,45
/home/data/images/iam/lines/p01/p01-147/p01-147-10.png,45701,life came up before him in some cinematic,41
/home/data/images/iam/lines/p01/p01-168/p01-168-02.png,49445,been attending some kind of fancy dress do,42
/home/data/images/iam/lines/p02/p02-000/p02-000-02.png,40472,and her luggage had disappeared and they were alone,51
/home/data/images/iam/lines/p02/p02-008/p02-008-02.png,32585,the excitement of meeting,25
/home/data/images/iam/lines/p02/p02-069/p02-069-08.png,64986,tonight so come and join us if you,34
/home/data/images/iam/lines/p02/p02-076/p02-076-06.png,50798,seated at a small table in a shadowy,36
/home/data/images/iam/lines/p02/p02-090/p02-090-06.png,51802,view and remembering the advice,31
/home/data/images/iam/lines/p02/p02-101/p02-101-02.png,33282,with the cigarette packet which lay on the table,48
/home/data/images/iam/lines/p02/p02-101/p02-101-03.png,26135,not wanting to smoke but needing some action,44
/home/data/images/iam/lines/p02/p02-105/p02-105-05.png,39066,and no doubt he would come back soon and,40
/home/data/images/iam/lines/p02/p02-115/p02-115-05.png,32446,make a fool of yourself over someone,36
/home/data/images/iam/lines/p02/p02-121/p02-121-01.png,45808,trust him out of your sight and having to put on,48
/home/data/images/iam/lines/p02/p02-131/p02-131-01.png,28462,long for the right man for you to come,38
/home/data/images/iam/lines/p02/p02-131/p02-131-03.png,29181,married to the sweetest wife in the world,41
/home/data/images/iam/lines/p02/p02-131/p02-131-05.png,30059,so kind and nice and she hoped that one,39
/home/data/images/iam/lines/p02/p02-131/p02-131-06.png,34339,day she would be able to see the situation,42
/home/data/images/iam/lines/p02/p02-135/p02-135-04.png,47023,was behaving since they had seen them,37
/home/data/images/iam/lines/p02/p02-139/p02-139-02.png,31158,and have been over to sit with her father and do what,53
/home/data/images/iam/lines/p02/p02-144/p02-144-04.png,50218,to the man she had spent so much time,37
/home/data/images/iam/lines/p02/p02-144/p02-144-09.png,56566,rather a sense of relief now that she,37
/home/data/images/iam/lines/p03/p03-004/p03-004-01.png,34538,new seat outside the hospital,29
/home/data/images/iam/lines/p03/p03-004/p03-004-02.png,35247,gates and thought vagrant,25
/home/data/images/iam/lines/p03/p03-004/p03-004-04.png,48758,watched the workmen constructing,32
/home/data/images/iam/lines/p03/p03-004/p03-004-09.png,43119,self as a stranger in these parts,33
/home/data/images/iam/lines/p03/p03-009/p03-009-04.png,46841,women doctors to blow a feather and follow its,46
/home/data/images/iam/lines/p03/p03-012/p03-012-03.png,48276,one has to know something about fishing,39
/home/data/images/iam/lines/p03/p03-029/p03-029-05.png,30966,the situation would have been intolerable,41
/home/data/images/iam/lines/p03/p03-029/p03-029-06.png,22354,had there not been some give and take,37
/home/data/images/iam/lines/p03/p03-069/p03-069-02.png,21978,was as though a red mist veiled her usually clear sight and,59
/home/data/images/iam/lines/p03/p03-087/p03-087-01.png,23625,broken down outside and he noticed,34
/home/data/images/iam/lines/p03/p03-087/p03-087-02.png,26444,your car and then you dancing with,34
/home/data/images/iam/lines/p03/p03-096/p03-096-04.png,28467,great pleasure in telling that young man,40
/home/data/images/iam/lines/p03/p03-096/p03-096-05.png,26745,exactly what you were doing that,32
/home/data/images/iam/lines/p03/p03-096/p03-096-08.png,22077,the housemen think of me as a,29
/home/data/images/iam/lines/p03/p03-112/p03-112-07.png,29453,miserable enough my having to take my,37
/home/data/images/iam/lines/p03/p03-112/p03-112-08.png,24458,leave in the autumn without you,31
/home/data/images/iam/lines/p03/p03-158/p03-158-02.png,25426,diamonds on her left hand third finger and held it,50
/home/data/images/iam/lines/p03/p03-163/p03-163-06.png,23916,to have an open quarrel,23
/home/data/images/iam/lines/p03/p03-181/p03-181-03.png,29552,seeing the look of admiration and revelation,44
/home/data/images/iam/lines/p03/p03-181/p03-181-04.png,37859,which had followed her slim young figure,40
/home/data/images/iam/lines/p03/p03-181/p03-181-07.png,32900,then regarded the ring which he retrieved,41
/home/data/images/iam/lines/p06/p06-042/p06-042-06.png,97222,what might well be another,26
/home/data/images/iam/lines/p06/p06-042/p06-042-08.png,103670,he put back his professional,28
/home/data/images/iam/lines/p06/p06-047/p06-047-02.png,60095,will contact your new doctor,28
/home/data/images/iam/lines/p06/p06-047/p06-047-10.png,97675,he tore off the leaflet and,27
/home/data/images/iam/lines/p06/p06-052/p06-052-03.png,80871,felt that part of her was leaving,33
/home/data/images/iam/lines/p06/p06-088/p06-088-05.png,70399,no matter how one might want to,31
/home/data/images/iam/lines/p06/p06-088/p06-088-07.png,80368,touched him after the cold wind,31
