wav_filename,wav_filesize,transcript
/Users/kermorvant/Data/Images/IAM/lines/a01/a01-000u/a01-000u-04.png,55699,put down a resolution on the subject
/Users/kermorvant/Data/Images/IAM/lines/a01/a01-007u/a01-007u-02.png,51691,sentiment would still favour the abolition
/Users/kermorvant/Data/Images/IAM/lines/a01/a01-007u/a01-007u-07.png,57955,have agreed to get together to face
/Users/kermorvant/Data/Images/IAM/lines/a01/a01-014/a01-014-08.png,41193,his chief a report on his talks with
/Users/kermorvant/Data/Images/IAM/lines/a01/a01-020/a01-020-07.png,28847,will meet to discuss the function of a
/Users/kermorvant/Data/Images/IAM/lines/a01/a01-020u/a01-020u-08.png,52084,to discuss the function of a proposed
/Users/kermorvant/Data/Images/IAM/lines/a01/a01-026u/a01-026u-02.png,45793,there have been secret negotiations on
/Users/kermorvant/Data/Images/IAM/lines/a01/a01-030u/a01-030u-09.png,51137,delay progress in the talks by refusing
/Users/kermorvant/Data/Images/IAM/lines/a01/a01-030x/a01-030x-07.png,51629,no right to delay progress in the talks by
/Users/kermorvant/Data/Images/IAM/lines/a01/a01-038/a01-038-01.png,50332,parties had refused to attend the talks
/Users/kermorvant/Data/Images/IAM/lines/a01/a01-043/a01-043-07.png,45201,of his tasks will be to see there is no
/Users/kermorvant/Data/Images/IAM/lines/a01/a01-043u/a01-043u-07.png,48621,be to see there is no racial discrimination
/Users/kermorvant/Data/Images/IAM/lines/a01/a01-043x/a01-043x-06.png,56816,will be to see there is no racial discrimination
/Users/kermorvant/Data/Images/IAM/lines/a01/a01-049/a01-049-01.png,49659,off the opposition by telling a television
/Users/kermorvant/Data/Images/IAM/lines/a01/a01-049u/a01-049u-01.png,52381,sparked off the opposition by telling a
/Users/kermorvant/Data/Images/IAM/lines/a01/a01-049x/a01-049x-01.png,56304,sparked off the opposition by telling a
/Users/kermorvant/Data/Images/IAM/lines/a01/a01-053x/a01-053x-08.png,92893,nomination before it can be considered by the
/Users/kermorvant/Data/Images/IAM/lines/a01/a01-063u/a01-063u-08.png,52384,quickly point out that this is money due
/Users/kermorvant/Data/Images/IAM/lines/a01/a01-068u/a01-068u-04.png,46681,good and is not paying for the past
/Users/kermorvant/Data/Images/IAM/lines/a01/a01-072u/a01-072u-04.png,45540,rejection of it is a painful blow to the
/Users/kermorvant/Data/Images/IAM/lines/a01/a01-072x/a01-072x-06.png,44666,run the obvious risks in upsetting the new
/Users/kermorvant/Data/Images/IAM/lines/a01/a01-077/a01-077-04.png,45656,ference admitted he did not know
/Users/kermorvant/Data/Images/IAM/lines/a01/a01-077/a01-077-07.png,42906,was waiting for his senior military
/Users/kermorvant/Data/Images/IAM/lines/a01/a01-077/a01-077-08.png,44709,aides to come up with the answer on
/Users/kermorvant/Data/Images/IAM/lines/a01/a01-077u/a01-077u-07.png,40478,military aides to come up with the answer
/Users/kermorvant/Data/Images/IAM/lines/a01/a01-082u/a01-082u-01.png,38589,face from his warnings during the
/Users/kermorvant/Data/Images/IAM/lines/a01/a01-082u/a01-082u-09.png,41887,in personality last night dominated
/Users/kermorvant/Data/Images/IAM/lines/a01/a01-091/a01-091-02.png,45090,in answer to their whips to defeat a
/Users/kermorvant/Data/Images/IAM/lines/a01/a01-091/a01-091-05.png,56052,placing heavy burdens on those least
/Users/kermorvant/Data/Images/IAM/lines/a01/a01-091/a01-091-07.png,57032,declared that the policy under censure
/Users/kermorvant/Data/Images/IAM/lines/a01/a01-091u/a01-091u-02.png,42632,their whips to defeat a censure motion
/Users/kermorvant/Data/Images/IAM/lines/a01/a01-091u/a01-091u-08.png,46991,many people far beyond the ranks of
/Users/kermorvant/Data/Images/IAM/lines/a01/a01-096u/a01-096u-09.png,46796,to render that service a hardship to poor
/Users/kermorvant/Data/Images/IAM/lines/a01/a01-102/a01-102-02.png,55839,opinion is that anybody supporting
/Users/kermorvant/Data/Images/IAM/lines/a01/a01-102/a01-102-05.png,54422,are dealing with a noble edifice which
/Users/kermorvant/Data/Images/IAM/lines/a01/a01-102/a01-102-06.png,39908,needs an imaginative architect to
/Users/kermorvant/Data/Images/IAM/lines/a01/a01-102/a01-102-09.png,71974,from the real problems to fiddling about
/Users/kermorvant/Data/Images/IAM/lines/a01/a01-102u/a01-102u-02.png,45888,anybody supporting the increased charges is a
/Users/kermorvant/Data/Images/IAM/lines/a01/a01-102u/a01-102u-04.png,46016,are dealing with a noble edifice which
/Users/kermorvant/Data/Images/IAM/lines/a01/a01-102u/a01-102u-05.png,47655,needs an imaginative architect to improve
/Users/kermorvant/Data/Images/IAM/lines/a01/a01-102u/a01-102u-07.png,42613,have descended from the real problems to
/Users/kermorvant/Data/Images/IAM/lines/a01/a01-107/a01-107-01.png,36044,at the point of need and with one standard for all sick
/Users/kermorvant/Data/Images/IAM/lines/a01/a01-107u/a01-107u-02.png,34235,of need and with one standard for all
/Users/kermorvant/Data/Images/IAM/lines/a01/a01-113/a01-113-02.png,37065,would provide an ambulance service for the absolutely
/Users/kermorvant/Data/Images/IAM/lines/a01/a01-113u/a01-113u-03.png,58197,provide an ambulance service for the absolutely
/Users/kermorvant/Data/Images/IAM/lines/a01/a01-117/a01-117-07.png,47966,take ruthless action against the drug making
/Users/kermorvant/Data/Images/IAM/lines/a01/a01-117u/a01-117u-07.png,48269,that instead of taking it out of the
/Users/kermorvant/Data/Images/IAM/lines/a01/a01-122/a01-122-01.png,40475,children and sick people than to take on this vast
/Users/kermorvant/Data/Images/IAM/lines/a01/a01-122/a01-122-03.png,51886,full inquiry into the cost of drugs and the pharmaceutical
/Users/kermorvant/Data/Images/IAM/lines/a01/a01-122u/a01-122u-04.png,45609,full inquiry into the cost of drugs and
/Users/kermorvant/Data/Images/IAM/lines/a01/a01-122u/a01-122u-06.png,50421,of children today owed much to the welfare
/Users/kermorvant/Data/Images/IAM/lines/a01/a01-122u/a01-122u-09.png,47680,affluence it seemed it could not be
/Users/kermorvant/Data/Images/IAM/lines/a01/a01-128u/a01-128u-04.png,51650,details of plans for improving the hospital
/Users/kermorvant/Data/Images/IAM/lines/a01/a01-128u/a01-128u-08.png,52609,the proposed changes the net cost of the
/Users/kermorvant/Data/Images/IAM/lines/a01/a01-132/a01-132-01.png,27418,development being limited or an
/Users/kermorvant/Data/Images/IAM/lines/a01/a01-132/a01-132-09.png,41612,foods would still be free in families
/Users/kermorvant/Data/Images/IAM/lines/a01/a01-132u/a01-132u-01.png,48335,being limited or an adjustment being made
/Users/kermorvant/Data/Images/IAM/lines/a01/a01-132u/a01-132u-08.png,53058,still be free in families receiving regular
/Users/kermorvant/Data/Images/IAM/lines/a01/a01-132x/a01-132x-01.png,57564,being limited or an adjustment being made
/Users/kermorvant/Data/Images/IAM/lines/a01/a01-132x/a01-132x-07.png,68463,foods would still be free in families receiving
/Users/kermorvant/Data/Images/IAM/lines/a02/a02-004/a02-004-10.png,46873,safeguard their interests
/Users/kermorvant/Data/Images/IAM/lines/a02/a02-012/a02-012-03.png,82472,a skilful backstage negotiator since
/Users/kermorvant/Data/Images/IAM/lines/a02/a02-027/a02-027-03.png,70319,including a compulsory savings scheme which the
/Users/kermorvant/Data/Images/IAM/lines/a02/a02-032/a02-032-02.png,52614,been raised against the strikers and is now beginning
/Users/kermorvant/Data/Images/IAM/lines/a02/a02-037/a02-037-07.png,67411,becomes an offence punishable with imprisonment
/Users/kermorvant/Data/Images/IAM/lines/a02/a02-046/a02-046-06.png,28928,a posse of police arrived and in less than
/Users/kermorvant/Data/Images/IAM/lines/a02/a02-067/a02-067-01.png,57945,should not be bound over for disturbing
/Users/kermorvant/Data/Images/IAM/lines/a02/a02-067/a02-067-02.png,45641,the peace and for inciting a breach
/Users/kermorvant/Data/Images/IAM/lines/a02/a02-082/a02-082-01.png,38994,had been arrested or convicted since last year on
/Users/kermorvant/Data/Images/IAM/lines/a02/a02-093/a02-093-06.png,64222,to hold the door open for modifications to the
/Users/kermorvant/Data/Images/IAM/lines/a02/a02-098/a02-098-03.png,63455,suggestion that there may be fresh concessions to the
/Users/kermorvant/Data/Images/IAM/lines/a02/a02-106/a02-106-06.png,55262,to settle the relationships between them and the
/Users/kermorvant/Data/Images/IAM/lines/a02/a02-106/a02-106-08.png,74172,recognised their rights and recommended a form of
/Users/kermorvant/Data/Images/IAM/lines/a02/a02-111/a02-111-07.png,58161,has been cancelled and secret plans prepared
/Users/kermorvant/Data/Images/IAM/lines/a02/a02-124/a02-124-03.png,46210,from outlying districts to stations in
/Users/kermorvant/Data/Images/IAM/lines/a03/a03-006/a03-006-07.png,39843,is known for some time to have favoured a
/Users/kermorvant/Data/Images/IAM/lines/a03/a03-009/a03-009-04.png,51677,coordinate activity on the political and economic
/Users/kermorvant/Data/Images/IAM/lines/a03/a03-009/a03-009-07.png,35446,to the whole uncommitted world
/Users/kermorvant/Data/Images/IAM/lines/a03/a03-011/a03-011-01.png,35279,situation and especially in view of fresh problems facing
/Users/kermorvant/Data/Images/IAM/lines/a03/a03-011/a03-011-03.png,33732,time is ripe to have more frequent consultations between
/Users/kermorvant/Data/Images/IAM/lines/a03/a03-011/a03-011-04.png,30830,the uncommitted countries and even to work out common
/Users/kermorvant/Data/Images/IAM/lines/a03/a03-017/a03-017-06.png,46441,at the cost of virtual partition of the country
/Users/kermorvant/Data/Images/IAM/lines/a03/a03-020/a03-020-02.png,48861,claims to be his representative in
/Users/kermorvant/Data/Images/IAM/lines/a03/a03-023/a03-023-02.png,31769,with the political and military leadership
/Users/kermorvant/Data/Images/IAM/lines/a03/a03-030/a03-030-02.png,29462,unassailable simply because there is no one
/Users/kermorvant/Data/Images/IAM/lines/a03/a03-030/a03-030-04.png,28891,ference will concentrate on laying the
/Users/kermorvant/Data/Images/IAM/lines/a03/a03-030/a03-030-05.png,26111,foundations on which to win the next
/Users/kermorvant/Data/Images/IAM/lines/a03/a03-034/a03-034-02.png,32002,which outlines in some detail the accomplishments
/Users/kermorvant/Data/Images/IAM/lines/a03/a03-034/a03-034-03.png,33468,of the party since it came to office three and
/Users/kermorvant/Data/Images/IAM/lines/a03/a03-034/a03-034-06.png,36840,stock at home has fallen in the face of
/Users/kermorvant/Data/Images/IAM/lines/a03/a03-040/a03-040-01.png,43965,a public poll showed that for the first time since
/Users/kermorvant/Data/Images/IAM/lines/a03/a03-043/a03-043-07.png,45356,observers at the national rally will be
/Users/kermorvant/Data/Images/IAM/lines/a03/a03-047/a03-047-01.png,45188,in the role of a popular orator at the
/Users/kermorvant/Data/Images/IAM/lines/a03/a03-050/a03-050-07.png,42327,television techniques and is being coached
/Users/kermorvant/Data/Images/IAM/lines/a03/a03-054/a03-054-09.png,42445,assurance and is a match for the
/Users/kermorvant/Data/Images/IAM/lines/a03/a03-059/a03-059-06.png,46611,committees examining subjects
/Users/kermorvant/Data/Images/IAM/lines/a03/a03-059/a03-059-07.png,59176,ranging from foreign investment in
/Users/kermorvant/Data/Images/IAM/lines/a03/a03-066/a03-066-04.png,50871,any increase in budgetary commitments
/Users/kermorvant/Data/Images/IAM/lines/a03/a03-066/a03-066-05.png,50857,would almost certainly involve a corresponding
/Users/kermorvant/Data/Images/IAM/lines/a03/a03-073/a03-073-04.png,50889,have reached a sufficient stage of development
/Users/kermorvant/Data/Images/IAM/lines/a03/a03-073/a03-073-05.png,44065,for adaptation as the first stage in
/Users/kermorvant/Data/Images/IAM/lines/a03/a03-080/a03-080-03.png,38238,various rocket stages had already been
/Users/kermorvant/Data/Images/IAM/lines/a04/a04-000/a04-000-05.png,32254,to have been devoted to this main point
/Users/kermorvant/Data/Images/IAM/lines/a04/a04-010/a04-010-07.png,28520,broadcast and television report on his
/Users/kermorvant/Data/Images/IAM/lines/a04/a04-019/a04-019-06.png,36383,agreement on the necessity of maintaining the rights and
/Users/kermorvant/Data/Images/IAM/lines/a04/a04-039/a04-039-08.png,26866,striving to safeguard an enduring peace for
/Users/kermorvant/Data/Images/IAM/lines/a04/a04-043/a04-043-02.png,23016,implication he supported the establishment of
/Users/kermorvant/Data/Images/IAM/lines/a04/a04-043/a04-043-07.png,20146,must have nuclear weapons so long as the
/Users/kermorvant/Data/Images/IAM/lines/a04/a04-047/a04-047-06.png,38760,supporters of unilateral nuclear disarmament were changing
/Users/kermorvant/Data/Images/IAM/lines/a04/a04-047/a04-047-07.png,38068,their tactics by switching most of their emphasis on
/Users/kermorvant/Data/Images/IAM/lines/a04/a04-050/a04-050-01.png,26569,not deny facilities to nations to which it was
/Users/kermorvant/Data/Images/IAM/lines/a04/a04-050/a04-050-03.png,28965,and refuse proposals with which they did not
/Users/kermorvant/Data/Images/IAM/lines/a04/a04-054/a04-054-03.png,28561,was far better for a weapon used for retaliatory
/Users/kermorvant/Data/Images/IAM/lines/a04/a04-066/a04-066-04.png,27684,recommending the supporters of unilateral nuclear
/Users/kermorvant/Data/Images/IAM/lines/a04/a04-066/a04-066-05.png,27253,disarmament to shift the emphasis of
/Users/kermorvant/Data/Images/IAM/lines/a04/a04-066/a04-066-06.png,34631,their intervention away from straight opposition
/Users/kermorvant/Data/Images/IAM/lines/a04/a04-066/a04-066-07.png,30890,to the official document on to opposition
/Users/kermorvant/Data/Images/IAM/lines/a04/a04-069/a04-069-02.png,27423,seriously the danger of the spread of nuclear
/Users/kermorvant/Data/Images/IAM/lines/a04/a04-072/a04-072-02.png,23298,an agreement on a zone of controlled
/Users/kermorvant/Data/Images/IAM/lines/a04/a04-072/a04-072-05.png,23507,was the beginning of a great period of
/Users/kermorvant/Data/Images/IAM/lines/a04/a04-072/a04-072-09.png,35511,fulfilment of a common policy for wages
/Users/kermorvant/Data/Images/IAM/lines/a04/a04-081/a04-081-03.png,24827,to the regrouping of unions and the
/Users/kermorvant/Data/Images/IAM/lines/a04/a04-081/a04-081-04.png,23516,modification of their structures to
/Users/kermorvant/Data/Images/IAM/lines/a04/a04-081/a04-081-05.png,25596,meet the growing concentration of
/Users/kermorvant/Data/Images/IAM/lines/a04/a04-081/a04-081-07.png,23052,common industrial contribution was
/Users/kermorvant/Data/Images/IAM/lines/a04/a04-085/a04-085-06.png,22024,the views of a wide section of the
/Users/kermorvant/Data/Images/IAM/lines/a04/a04-089/a04-089-03.png,25943,growing section which is opposed to
/Users/kermorvant/Data/Images/IAM/lines/a04/a04-089/a04-089-07.png,27926,already there have been protests but
/Users/kermorvant/Data/Images/IAM/lines/a04/a04-092/a04-092-01.png,33323,the protests and these should carry weight with
/Users/kermorvant/Data/Images/IAM/lines/a04/a04-092/a04-092-04.png,31553,serving the hitherto cordial relations between the
/Users/kermorvant/Data/Images/IAM/lines/a04/a04-096/a04-096-04.png,28350,exercise any degree of control over the action
/Users/kermorvant/Data/Images/IAM/lines/a04/a04-096/a04-096-06.png,30200,there is a distinct possibility that so long
/Users/kermorvant/Data/Images/IAM/lines/a04/a04-103/a04-103-04.png,29441,growing body of opinion in this country
/Users/kermorvant/Data/Images/IAM/lines/a04/a04-103/a04-103-06.png,26683,in preventing a nuclear war as a neutral
/Users/kermorvant/Data/Images/IAM/lines/a04/a04-103/a04-103-07.png,31514,by helping to suggest agreements which could
/Users/kermorvant/Data/Images/IAM/lines/a05/a05-004/a05-004-06.png,59712,command structure and central administrative
/Users/kermorvant/Data/Images/IAM/lines/a05/a05-013/a05-013-02.png,34054,vinced that the policy initiated in
/Users/kermorvant/Data/Images/IAM/lines/a05/a05-017/a05-017-06.png,41806,not agree that the point has been reached
/Users/kermorvant/Data/Images/IAM/lines/a05/a05-017/a05-017-09.png,47095,engagement would probably have to be for
/Users/kermorvant/Data/Images/IAM/lines/a05/a05-022/a05-022-01.png,34992,necessary for the extended training modern
/Users/kermorvant/Data/Images/IAM/lines/a05/a05-022/a05-022-02.png,30686,arms require and to enable each man to
/Users/kermorvant/Data/Images/IAM/lines/a05/a05-025/a05-025-01.png,37956,to have come mainly from retired officers
/Users/kermorvant/Data/Images/IAM/lines/a05/a05-025/a05-025-02.png,37369,who have held high positions but
/Users/kermorvant/Data/Images/IAM/lines/a05/a05-029/a05-029-04.png,37397,felt the change would be unwise at a
/Users/kermorvant/Data/Images/IAM/lines/a05/a05-029/a05-029-06.png,41989,concentrated on possible need for important
/Users/kermorvant/Data/Images/IAM/lines/a05/a05-048/a05-048-01.png,32153,evident that voters were bored by the
/Users/kermorvant/Data/Images/IAM/lines/a05/a05-048/a05-048-07.png,37883,last night that he had considered early
/Users/kermorvant/Data/Images/IAM/lines/a05/a05-048/a05-048-09.png,38422,mobilise reserves necessary to bring the
/Users/kermorvant/Data/Images/IAM/lines/a05/a05-053/a05-053-02.png,35059,there would be no hesitation in mobilising
/Users/kermorvant/Data/Images/IAM/lines/a05/a05-053/a05-053-03.png,40739,if a further deterioration in the situation
/Users/kermorvant/Data/Images/IAM/lines/a05/a05-053/a05-053-07.png,38176,who was winding up the foreign affairs
/Users/kermorvant/Data/Images/IAM/lines/a05/a05-053/a05-053-09.png,37108,be party to accepting as a matter of
/Users/kermorvant/Data/Images/IAM/lines/a05/a05-073/a05-073-05.png,44501,certain that they wanted to establish a
/Users/kermorvant/Data/Images/IAM/lines/a05/a05-080/a05-080-01.png,38824,ately refrained during the summer from
/Users/kermorvant/Data/Images/IAM/lines/a05/a05-080/a05-080-08.png,38456,that the situation was rather more
/Users/kermorvant/Data/Images/IAM/lines/a05/a05-084/a05-084-03.png,45798,attitude of studied calm brought down the
/Users/kermorvant/Data/Images/IAM/lines/a05/a05-094/a05-094-03.png,37607,in which all the boys were welcome to
/Users/kermorvant/Data/Images/IAM/lines/a05/a05-094/a05-094-06.png,43987,metaphorical braces were visible in the
/Users/kermorvant/Data/Images/IAM/lines/a05/a05-099/a05-099-06.png,39129,prohibition of the production of atomic
/Users/kermorvant/Data/Images/IAM/lines/a05/a05-099/a05-099-08.png,37072,and control would be much easier to
/Users/kermorvant/Data/Images/IAM/lines/a05/a05-104/a05-104-02.png,38472,rebuked the unaligned nations for not
/Users/kermorvant/Data/Images/IAM/lines/a05/a05-104/a05-104-04.png,43661,they themselves had no condemnation for
/Users/kermorvant/Data/Images/IAM/lines/a05/a05-104/a05-104-08.png,40361,the temple of their religion is the
/Users/kermorvant/Data/Images/IAM/lines/a05/a05-125/a05-125-03.png,35946,night and formed a queue stretching
/Users/kermorvant/Data/Images/IAM/lines/a06/a06-004/a06-004-05.png,67103,are people buying and selling shares within
/Users/kermorvant/Data/Images/IAM/lines/a06/a06-004/a06-004-07.png,54887,and property dealers who form a chain of
/Users/kermorvant/Data/Images/IAM/lines/a06/a06-004/a06-004-08.png,66578,companies and put one property deal through
/Users/kermorvant/Data/Images/IAM/lines/a06/a06-020/a06-020-02.png,35235,say that if an official resigns he is not allowed to run again
/Users/kermorvant/Data/Images/IAM/lines/a06/a06-036/a06-036-02.png,67035,to the preparations for launching their
/Users/kermorvant/Data/Images/IAM/lines/a06/a06-039/a06-039-07.png,59287,carrying atomic submarines now formed
/Users/kermorvant/Data/Images/IAM/lines/a06/a06-051/a06-051-05.png,87933,minutes later to stand just inside the
/Users/kermorvant/Data/Images/IAM/lines/a06/a06-075/a06-075-02.png,55746,conclusion that it would be right for
/Users/kermorvant/Data/Images/IAM/lines/a06/a06-075/a06-075-04.png,71914,for negotiations with a view to joining
/Users/kermorvant/Data/Images/IAM/lines/a06/a06-090/a06-090-06.png,55151,who created a scene on this point on
/Users/kermorvant/Data/Images/IAM/lines/a06/a06-095/a06-095-04.png,88077,tribute to the development of the
/Users/kermorvant/Data/Images/IAM/lines/a06/a06-095/a06-095-07.png,99332,impetus and an economic growth
/Users/kermorvant/Data/Images/IAM/lines/a06/a06-110/a06-110-06.png,80754,we are necessarily bound for
/Users/kermorvant/Data/Images/IAM/lines/a06/a06-114/a06-114-01.png,45698,food subsidies would probably be
/Users/kermorvant/Data/Images/IAM/lines/a06/a06-114/a06-114-05.png,69659,spending more as the summer holiday
/Users/kermorvant/Data/Images/IAM/lines/a06/a06-114/a06-114-08.png,58340,the spending spree is at a new
/Users/kermorvant/Data/Images/IAM/lines/a06/a06-141/a06-141-01.png,33656,put at the disposal of those very militarists who razed
/Users/kermorvant/Data/Images/IAM/lines/a06/a06-147/a06-147-05.png,34734,contingency would be to sign a peace treaty to remove the cancerous
/Users/kermorvant/Data/Images/IAM/lines/a06/a06-152/a06-152-01.png,29974,determination is the intention to impose
/Users/kermorvant/Data/Images/IAM/lines/a06/a06-152/a06-152-09.png,24828,expect the total to leap to
/Users/kermorvant/Data/Images/IAM/lines/b01/b01-009/b01-009-03.png,22811,holds that it would be a mistake to expel
/Users/kermorvant/Data/Images/IAM/lines/b01/b01-009/b01-009-06.png,27228,it would also be against the interests of the
/Users/kermorvant/Data/Images/IAM/lines/b01/b01-018/b01-018-01.png,43576,policy of racial discrimination in any of its countries
/Users/kermorvant/Data/Images/IAM/lines/b01/b01-018/b01-018-07.png,41610,which five citizens are coloured for every one
/Users/kermorvant/Data/Images/IAM/lines/b01/b01-027/b01-027-06.png,37788,would be pleasanter if such cruel and feudal
/Users/kermorvant/Data/Images/IAM/lines/b01/b01-027/b01-027-07.png,33178,performances as tiger and rhino hunts were
/Users/kermorvant/Data/Images/IAM/lines/b01/b01-038/b01-038-02.png,39316,will now grow brighter of further international
/Users/kermorvant/Data/Images/IAM/lines/b01/b01-053/b01-053-06.png,52548,moving towards a solution of currency problems
/Users/kermorvant/Data/Images/IAM/lines/b01/b01-057/b01-057-05.png,36789,idea that moral regeneration would solve
/Users/kermorvant/Data/Images/IAM/lines/b01/b01-057/b01-057-08.png,49271,would prefer to put our hopes for earthly justice in
/Users/kermorvant/Data/Images/IAM/lines/b01/b01-062/b01-062-02.png,43980,be wrong to refuse all political advertisements with
/Users/kermorvant/Data/Images/IAM/lines/b01/b01-062/b01-062-04.png,40532,contains statements whose factual truth is
/Users/kermorvant/Data/Images/IAM/lines/b01/b01-079/b01-079-02.png,19896,responsibility rightly belongs to the nations
/Users/kermorvant/Data/Images/IAM/lines/b01/b01-079/b01-079-06.png,19878,right to blame the politicians unless they see
/Users/kermorvant/Data/Images/IAM/lines/b01/b01-084/b01-084-06.png,37771,simply on adequate support by the nations
/Users/kermorvant/Data/Images/IAM/lines/b01/b01-089/b01-089-02.png,33887,justified in diverting naval ships in case
/Users/kermorvant/Data/Images/IAM/lines/b01/b01-089/b01-089-04.png,35111,stressed that there was no intention to intervene
/Users/kermorvant/Data/Images/IAM/lines/b01/b01-094/b01-094-02.png,32226,would be agreement between its rival
/Users/kermorvant/Data/Images/IAM/lines/b01/b01-094/b01-094-08.png,39410,itself a government which all outsiders
/Users/kermorvant/Data/Images/IAM/lines/b01/b01-113/b01-113-06.png,32048,their tribal reserves with no prospect but a
/Users/kermorvant/Data/Images/IAM/lines/b01/b01-118/b01-118-01.png,26271,tinue to live as hewers of wood and drawers of
/Users/kermorvant/Data/Images/IAM/lines/b01/b01-118/b01-118-06.png,35425,led a protest against admitting any of them
/Users/kermorvant/Data/Images/IAM/lines/b01/b01-122/b01-122-07.png,40405,country who still oppose apartheid will be
/Users/kermorvant/Data/Images/IAM/lines/b01/b01-127/b01-127-01.png,35595,maintained an unflinching witness to what
/Users/kermorvant/Data/Images/IAM/lines/b01/b01-127/b01-127-04.png,50428,do to bring support and comfort to this gallant
/Users/kermorvant/Data/Images/IAM/lines/b01/b01-127/b01-127-06.png,38910,policy of appeasement has modified the
/Users/kermorvant/Data/Images/IAM/lines/b01/b01-127/b01-127-08.png,41920,apartheid is being applied ever more
/Users/kermorvant/Data/Images/IAM/lines/b01/b01-132/b01-132-02.png,35886,way left to try to bring home to the people of
/Users/kermorvant/Data/Images/IAM/lines/b01/b01-132/b01-132-07.png,35852,go unequivocally on record that they regard
/Users/kermorvant/Data/Images/IAM/lines/b02/b02-013/b02-013-01.png,46911,advocate putting off any approach until
/Users/kermorvant/Data/Images/IAM/lines/b02/b02-035/b02-035-10.png,61862,it by saying that the revision would be
/Users/kermorvant/Data/Images/IAM/lines/b02/b02-097/b02-097-06.png,50966,been an election campaign which more people
/Users/kermorvant/Data/Images/IAM/lines/b02/b02-097/b02-097-07.png,56902,in and out of the country wanted to see over
/Users/kermorvant/Data/Images/IAM/lines/b02/b02-102/b02-102-01.png,58375,millstone weighing down and almost paralysing their
/Users/kermorvant/Data/Images/IAM/lines/b02/b02-102/b02-102-02.png,53212,efforts to work out sensible ways of dealing with
/Users/kermorvant/Data/Images/IAM/lines/b02/b02-105/b02-105-03.png,49569,the campaign has dismayed a good
/Users/kermorvant/Data/Images/IAM/lines/b03/b03-025/b03-025-02.png,34130,truism that policies of menace and mutual disarmament
/Users/kermorvant/Data/Images/IAM/lines/b03/b03-025/b03-025-05.png,31610,tact across the greatest political barrier in what
/Users/kermorvant/Data/Images/IAM/lines/b03/b03-098/b03-098-06.png,36308,centigrade would have got off to a better
/Users/kermorvant/Data/Images/IAM/lines/b03/b03-098/b03-098-07.png,32455,start if they had taken more pains to
/Users/kermorvant/Data/Images/IAM/lines/b03/b03-098/b03-098-08.png,30890,explain the advantages to the general
/Users/kermorvant/Data/Images/IAM/lines/b03/b03-104/b03-104-08.png,36112,any reason why the centigrade countries
/Users/kermorvant/Data/Images/IAM/lines/b03/b03-109/b03-109-06.png,58150,circumstances the time would come when this would
/Users/kermorvant/Data/Images/IAM/lines/b03/b03-114/b03-114-02.png,60784,authorities ganged up to alter the habits
/Users/kermorvant/Data/Images/IAM/lines/b04/b04-000/b04-000-01.png,19150,stands at the centre of an international
/Users/kermorvant/Data/Images/IAM/lines/b04/b04-004/b04-004-01.png,20251,has done more than most to stir up
/Users/kermorvant/Data/Images/IAM/lines/b04/b04-010/b04-010-06.png,25587,show the world that this country does not
/Users/kermorvant/Data/Images/IAM/lines/b04/b04-034/b04-034-02.png,30059,by the deaths of two elderly sisters who killed themselves because
/Users/kermorvant/Data/Images/IAM/lines/b04/b04-089/b04-089-02.png,34895,talents and responsibilities could bring in the open
/Users/kermorvant/Data/Images/IAM/lines/b04/b04-089/b04-089-05.png,35312,time the members decided to pay up and be good
/Users/kermorvant/Data/Images/IAM/lines/b04/b04-103/b04-103-02.png,27325,ponder how their gardening tools are mysteriously
/Users/kermorvant/Data/Images/IAM/lines/b04/b04-103/b04-103-05.png,30129,showed their appreciation this morning with a surprise
/Users/kermorvant/Data/Images/IAM/lines/b04/b04-134/b04-134-07.png,48742,philosopher with a highly developed sense of publicity
/Users/kermorvant/Data/Images/IAM/lines/b04/b04-134/b04-134-08.png,45411,who has been spectacularly wrong on the great
/Users/kermorvant/Data/Images/IAM/lines/b04/b04-140/b04-140-05.png,37747,and his supporters have been able to pursue their
/Users/kermorvant/Data/Images/IAM/lines/b04/b04-147/b04-147-03.png,33085,has been appointed to smooth out difficulties for
/Users/kermorvant/Data/Images/IAM/lines/b04/b04-147/b04-147-04.png,32669,householders when trenches are dug outside their
/Users/kermorvant/Data/Images/IAM/lines/b04/b04-169/b04-169-02.png,27969,that teenagers earn too much and spend it all
/Users/kermorvant/Data/Images/IAM/lines/b04/b04-175/b04-175-02.png,27468,that in the most prosperous days in this
/Users/kermorvant/Data/Images/IAM/lines/b04/b04-175/b04-175-04.png,35016,should still have a powerful appeal for young
/Users/kermorvant/Data/Images/IAM/lines/b04/b04-187/b04-187-04.png,33237,combination of enthusiasm and shrewd anticipation
/Users/kermorvant/Data/Images/IAM/lines/b04/b04-187/b04-187-05.png,32753,of public taste has launched many great
/Users/kermorvant/Data/Images/IAM/lines/b04/b04-202/b04-202-02.png,30246,the opportunity to show is just as interested in the
/Users/kermorvant/Data/Images/IAM/lines/b04/b04-208/b04-208-01.png,29857,people believed that there were no more worlds to
/Users/kermorvant/Data/Images/IAM/lines/b05/b05-038/b05-038-03.png,52741,threat to those who toil and spin has been
/Users/kermorvant/Data/Images/IAM/lines/b05/b05-038/b05-038-04.png,69618,developed by a firm specialising in electronics
/Users/kermorvant/Data/Images/IAM/lines/b05/b05-038/b05-038-06.png,70848,system whereby completely untrained workers
/Users/kermorvant/Data/Images/IAM/lines/b05/b05-038/b05-038-07.png,71495,can be taught their trade by means of tape
/Users/kermorvant/Data/Images/IAM/lines/b05/b05-042/b05-042-02.png,31172,instructions on how to do the job coupled with
/Users/kermorvant/Data/Images/IAM/lines/b05/b05-042/b05-042-06.png,36587,technically equipped very quickly to do one
/Users/kermorvant/Data/Images/IAM/lines/b05/b05-042/b05-042-07.png,39743,set of skilled manufacturing processes in one
/Users/kermorvant/Data/Images/IAM/lines/b05/b05-042/b05-042-10.png,40854,to a different industry if he just gives in and
/Users/kermorvant/Data/Images/IAM/lines/b05/b05-045/b05-045-01.png,29912,factory to becoming a paint sprayer in
/Users/kermorvant/Data/Images/IAM/lines/b05/b05-045/b05-045-03.png,29308,for a completely new job in less time
/Users/kermorvant/Data/Images/IAM/lines/b05/b05-050/b05-050-06.png,30054,these civil engineers creeping about
/Users/kermorvant/Data/Images/IAM/lines/b05/b05-050/b05-050-07.png,26786,the pitch with their optical
/Users/kermorvant/Data/Images/IAM/lines/b05/b05-055/b05-055-01.png,22506,on a pitch have no terrors for a good batsman with a stout
/Users/kermorvant/Data/Images/IAM/lines/b05/b05-055/b05-055-03.png,27373,batting averages and all the statistical blight that makes a
/Users/kermorvant/Data/Images/IAM/lines/b05/b05-067/b05-067-02.png,22897,when he pleads that he was only a small unit on the base
/Users/kermorvant/Data/Images/IAM/lines/b05/b05-067/b05-067-05.png,29036,intimate knowledge of every link in the chain of command that
/Users/kermorvant/Data/Images/IAM/lines/b05/b05-071/b05-071-01.png,25973,meticulous comprehension that could only have come from a man
/Users/kermorvant/Data/Images/IAM/lines/b05/b05-071/b05-071-04.png,28988,selves and feel a sense of righteousness when their hands are
/Users/kermorvant/Data/Images/IAM/lines/b05/b05-074/b05-074-08.png,34518,to death like cattle interests me only in so far as we
/Users/kermorvant/Data/Images/IAM/lines/b05/b05-079/b05-079-02.png,28477,ordering that after the successful
/Users/kermorvant/Data/Images/IAM/lines/b05/b05-079/b05-079-04.png,25113,male population between the ages of
/Users/kermorvant/Data/Images/IAM/lines/b05/b05-079/b05-079-06.png,26343,local situation calls for an exceptional
/Users/kermorvant/Data/Images/IAM/lines/b05/b05-083/b05-083-06.png,48543,themselves less disliked by their attitude
/Users/kermorvant/Data/Images/IAM/lines/b05/b05-088/b05-088-06.png,51895,is paid monthly in arrears and will not get
/Users/kermorvant/Data/Images/IAM/lines/b05/b05-098/b05-098-07.png,48960,upbringing and a possible reprieve might
/Users/kermorvant/Data/Images/IAM/lines/b05/b05-098/b05-098-08.png,50960,come through the sugary sentiments
/Users/kermorvant/Data/Images/IAM/lines/b06/b06-004/b06-004-03.png,63685,were captured and published after the war the
/Users/kermorvant/Data/Images/IAM/lines/b06/b06-008/b06-008-07.png,36643,that his policy was to make his country
/Users/kermorvant/Data/Images/IAM/lines/b06/b06-015/b06-015-06.png,56970,has secured agreements for
/Users/kermorvant/Data/Images/IAM/lines/b06/b06-019/b06-019-08.png,79850,compared with four divisions of
/Users/kermorvant/Data/Images/IAM/lines/b06/b06-023/b06-023-03.png,22025,which could launch an atomic attack on
/Users/kermorvant/Data/Images/IAM/lines/b06/b06-027/b06-027-01.png,107095,reported to be halfway toward
/Users/kermorvant/Data/Images/IAM/lines/b06/b06-027/b06-027-06.png,123139,have their eyes on is control of the
/Users/kermorvant/Data/Images/IAM/lines/b06/b06-027/b06-027-09.png,140356,a great disturbance last autumn
/Users/kermorvant/Data/Images/IAM/lines/b06/b06-042/b06-042-07.png,32863,which fought for and still stands on the
/Users/kermorvant/Data/Images/IAM/lines/b06/b06-042/b06-042-10.png,33188,appalled at the character of the current
/Users/kermorvant/Data/Images/IAM/lines/b06/b06-045/b06-045-01.png,110156,to the two major conferences of the movement and
/Users/kermorvant/Data/Images/IAM/lines/b06/b06-045/b06-045-03.png,111023,unpalatable majority decisions as binding on the
/Users/kermorvant/Data/Images/IAM/lines/b06/b06-045/b06-045-07.png,131618,official policy and seeking to win majorities
/Users/kermorvant/Data/Images/IAM/lines/b06/b06-049/b06-049-02.png,66578,the alternatives had been put clearly to the
/Users/kermorvant/Data/Images/IAM/lines/b06/b06-049/b06-049-06.png,87606,perspective of sharp struggle based on consistent
/Users/kermorvant/Data/Images/IAM/lines/b06/b06-049/b06-049-09.png,70837,of the union would become easier in the context
/Users/kermorvant/Data/Images/IAM/lines/b06/b06-053/b06-053-01.png,52715,if we have then by our practice
/Users/kermorvant/Data/Images/IAM/lines/b06/b06-053/b06-053-03.png,51791,between support for the war
/Users/kermorvant/Data/Images/IAM/lines/b06/b06-053/b06-053-06.png,62854,basic effort to improve living
/Users/kermorvant/Data/Images/IAM/lines/b06/b06-053/b06-053-09.png,56231,of organisational dominance
/Users/kermorvant/Data/Images/IAM/lines/b06/b06-053/b06-053-10.png,60138,established during their years
/Users/kermorvant/Data/Images/IAM/lines/b06/b06-056/b06-056-02.png,44613,around frantically to overturn them next
/Users/kermorvant/Data/Images/IAM/lines/b06/b06-056/b06-056-05.png,42935,the introduction of a pseudo third way
/Users/kermorvant/Data/Images/IAM/lines/b06/b06-056/b06-056-07.png,37868,a demand that the movement unite
/Users/kermorvant/Data/Images/IAM/lines/b06/b06-056/b06-056-09.png,35498,and no other seems to have done the
/Users/kermorvant/Data/Images/IAM/lines/b06/b06-056/b06-056-10.png,36716,trick of moving a number of unions
/Users/kermorvant/Data/Images/IAM/lines/b06/b06-059/b06-059-04.png,30515,posed so as to cause doubt and confusion
/Users/kermorvant/Data/Images/IAM/lines/b06/b06-059/b06-059-06.png,35669,immediate confusion hides the fact that the
/Users/kermorvant/Data/Images/IAM/lines/b06/b06-059/b06-059-08.png,28137,clarification of the issues can bring a
/Users/kermorvant/Data/Images/IAM/lines/b06/b06-064/b06-064-05.png,62298,workers who are beginning to understand
/Users/kermorvant/Data/Images/IAM/lines/b06/b06-064/b06-064-08.png,49927,for a campaign against weak and
/Users/kermorvant/Data/Images/IAM/lines/b06/b06-068/b06-068-07.png,34869,present a whole new proof that to abandon
/Users/kermorvant/Data/Images/IAM/lines/b06/b06-071/b06-071-01.png,82488,rally to defend a policy founded on
/Users/kermorvant/Data/Images/IAM/lines/b06/b06-071/b06-071-05.png,81467,that enormous inroads could already
/Users/kermorvant/Data/Images/IAM/lines/b06/b06-071/b06-071-09.png,84008,trade union movement following the
/Users/kermorvant/Data/Images/IAM/lines/b06/b06-075/b06-075-03.png,67927,will never be established on the basis of leaders
/Users/kermorvant/Data/Images/IAM/lines/b06/b06-075/b06-075-04.png,68283,being a law unto themselves and opposing
/Users/kermorvant/Data/Images/IAM/lines/b06/b06-075/b06-075-05.png,71197,conference decisions when it suits their own
/Users/kermorvant/Data/Images/IAM/lines/b06/b06-082/b06-082-03.png,85427,the use of nuclear weapons and nuclear strategy
/Users/kermorvant/Data/Images/IAM/lines/b06/b06-082/b06-082-05.png,127511,by their talk of political and collective control
/Users/kermorvant/Data/Images/IAM/lines/b06/b06-082/b06-082-08.png,143638,who will actually give the instructions to press
/Users/kermorvant/Data/Images/IAM/lines/b06/b06-090/b06-090-01.png,21904,and lay the basis for the defeat of the
/Users/kermorvant/Data/Images/IAM/lines/b06/b06-090/b06-090-05.png,23854,that the movement will go on record against
/Users/kermorvant/Data/Images/IAM/lines/b06/b06-093/b06-093-01.png,33162,end the manufacture and use of
/Users/kermorvant/Data/Images/IAM/lines/b06/b06-093/b06-093-03.png,41630,could play a leading and independent
/Users/kermorvant/Data/Images/IAM/lines/b06/b06-093/b06-093-04.png,40288,role for an international agreement to ban
/Users/kermorvant/Data/Images/IAM/lines/b06/b06-093/b06-093-05.png,40579,all nuclear strategy and weapons of mass
/Users/kermorvant/Data/Images/IAM/lines/b06/b06-093/b06-093-10.png,47666,than a handful of new apprenticeships
/Users/kermorvant/Data/Images/IAM/lines/b06/b06-097/b06-097-02.png,23576,in six weeks time from ending up in blind alley
/Users/kermorvant/Data/Images/IAM/lines/b06/b06-100/b06-100-02.png,44796,will not keep us abreast of the
/Users/kermorvant/Data/Images/IAM/lines/c01/c01-009/c01-009-01.png,43676,compressed a long and sometimes rambling
/Users/kermorvant/Data/Images/IAM/lines/c01/c01-009/c01-009-02.png,38362,story into a concentrated comprehensive
/Users/kermorvant/Data/Images/IAM/lines/c01/c01-009/c01-009-08.png,46075,a representative modern work and the composer
/Users/kermorvant/Data/Images/IAM/lines/c01/c01-009/c01-009-09.png,49532,is a highly skilled manipulator of contemporary
/Users/kermorvant/Data/Images/IAM/lines/c01/c01-014/c01-014-01.png,42434,is largely a satire on the petty court
/Users/kermorvant/Data/Images/IAM/lines/c01/c01-014/c01-014-03.png,50455,egocentric character leads him to sacrifice
/Users/kermorvant/Data/Images/IAM/lines/c01/c01-014/c01-014-05.png,45945,obtains his musical characterisation by means
/Users/kermorvant/Data/Images/IAM/lines/c01/c01-014/c01-014-09.png,48571,or at least the most successfully executed trait
/Users/kermorvant/Data/Images/IAM/lines/c01/c01-066/c01-066-02.png,42157,mischief perpetrated by almost every person
/Users/kermorvant/Data/Images/IAM/lines/c01/c01-066/c01-066-05.png,42907,to light a great deal of discreditable
/Users/kermorvant/Data/Images/IAM/lines/c01/c01-066/c01-066-07.png,36553,making propensities of the leisured
/Users/kermorvant/Data/Images/IAM/lines/c02/c02-000/c02-000-09.png,69149,can be counted on the fingers of one
/Users/kermorvant/Data/Images/IAM/lines/c02/c02-007/c02-007-06.png,44163,and greys are not only the colours of the
/Users/kermorvant/Data/Images/IAM/lines/c02/c02-012/c02-012-03.png,57681,but rather he wants to show the eternal in
/Users/kermorvant/Data/Images/IAM/lines/c02/c02-012/c02-012-08.png,58044,but here the director moves out of the world
/Users/kermorvant/Data/Images/IAM/lines/c02/c02-012/c02-012-09.png,51089,of reality into an icy supernatural vacuum
/Users/kermorvant/Data/Images/IAM/lines/c02/c02-017/c02-017-05.png,56179,and the offending establishment is suddenly
/Users/kermorvant/Data/Images/IAM/lines/c02/c02-017/c02-017-09.png,44398,the miracle becomes exploited by a group
/Users/kermorvant/Data/Images/IAM/lines/c02/c02-022/c02-022-03.png,45926,crowning indignity the night club is
/Users/kermorvant/Data/Images/IAM/lines/c02/c02-022/c02-022-04.png,72147,given a gala society reopening on the
/Users/kermorvant/Data/Images/IAM/lines/c02/c02-022/c02-022-07.png,48952,night club is replaced in its original
/Users/kermorvant/Data/Images/IAM/lines/c02/c02-026/c02-026-03.png,32560,recording every wrinkle and drop of sweat
/Users/kermorvant/Data/Images/IAM/lines/c02/c02-026/c02-026-07.png,54768,the wildly flapping white sails slashed by
/Users/kermorvant/Data/Images/IAM/lines/c02/c02-030/c02-030-03.png,62312,complete silence he shows the faces of people
/Users/kermorvant/Data/Images/IAM/lines/c02/c02-030/c02-030-06.png,55123,succeeded in his second film in
/Users/kermorvant/Data/Images/IAM/lines/c02/c02-030/c02-030-07.png,59067,recording his personal apocalypse of the
/Users/kermorvant/Data/Images/IAM/lines/c02/c02-049/c02-049-08.png,94416,and personal jokes incomprehensible to the
/Users/kermorvant/Data/Images/IAM/lines/c02/c02-056/c02-056-01.png,60959,given his proper place in the history of the
/Users/kermorvant/Data/Images/IAM/lines/c02/c02-056/c02-056-07.png,51290,tries to show that it took more than just
/Users/kermorvant/Data/Images/IAM/lines/c02/c02-059/c02-059-05.png,53923,and the audience at the awards was particularly
/Users/kermorvant/Data/Images/IAM/lines/c02/c02-082/c02-082-06.png,55632,magnificent performances from him and
/Users/kermorvant/Data/Images/IAM/lines/c02/c02-082/c02-082-08.png,68115,well trounced by the critics wherever it
/Users/kermorvant/Data/Images/IAM/lines/c02/c02-089/c02-089-05.png,41783,all rolling eyeballs like a villain
/Users/kermorvant/Data/Images/IAM/lines/c03/c03-000a/c03-000a-05.png,81055,and the great advantages to be derived from
/Users/kermorvant/Data/Images/IAM/lines/c03/c03-000a/c03-000a-06.png,67666,this unity of conception and control are
/Users/kermorvant/Data/Images/IAM/lines/c03/c03-000b/c03-000b-05.png,99694,to be derived from this unity of conception and control
/Users/kermorvant/Data/Images/IAM/lines/c03/c03-000c/c03-000c-05.png,95029,the great advantages to be derived from this
/Users/kermorvant/Data/Images/IAM/lines/c03/c03-000c/c03-000c-06.png,86570,unity of conception and control are everywhere
/Users/kermorvant/Data/Images/IAM/lines/c03/c03-000d/c03-000d-06.png,73416,be derived from this unity of conception and
/Users/kermorvant/Data/Images/IAM/lines/c03/c03-000e/c03-000e-06.png,105522,derived from this unity of conception and
/Users/kermorvant/Data/Images/IAM/lines/c03/c03-000f/c03-000f-06.png,87154,advantages to be derived from this unity
/Users/kermorvant/Data/Images/IAM/lines/c03/c03-000f/c03-000f-07.png,80202,of conception and control are everywhere
/Users/kermorvant/Data/Images/IAM/lines/c03/c03-003a/c03-003a-02.png,67140,and again and again it is the visual qualities
/Users/kermorvant/Data/Images/IAM/lines/c03/c03-003b/c03-003b-03.png,79713,the marriage of the central characters to their
/Users/kermorvant/Data/Images/IAM/lines/c03/c03-007/c03-007-04.png,62821,the public monuments and the rubbish
/Users/kermorvant/Data/Images/IAM/lines/c03/c03-003c/c03-003c-02.png,82094,again and again it is the visual qualities of
/Users/kermorvant/Data/Images/IAM/lines/c03/c03-003d/c03-003d-02.png,70532,and again it is the visual qualities of the
/Users/kermorvant/Data/Images/IAM/lines/c03/c03-003e/c03-003e-02.png,101965,and again and again it is the visual qualities
/Users/kermorvant/Data/Images/IAM/lines/c03/c03-003f/c03-003f-02.png,75623,and again and again it is the visual qualities
/Users/kermorvant/Data/Images/IAM/lines/c03/c03-003f/c03-003f-08.png,87714,but failed to create the atmosphere of
/Users/kermorvant/Data/Images/IAM/lines/c03/c03-007c/c03-007c-04.png,85639,the public monuments and the rubbish strewn
/Users/kermorvant/Data/Images/IAM/lines/c03/c03-016a/c03-016a-02.png,55674,girl lives in a single dingy room with
/Users/kermorvant/Data/Images/IAM/lines/c03/c03-016a/c03-016a-04.png,61455,surroundings she learns sex is something
/Users/kermorvant/Data/Images/IAM/lines/c03/c03-016a/c03-016a-08.png,59106,her first lover is a sailor who leaves her
/Users/kermorvant/Data/Images/IAM/lines/c03/c03-016b/c03-016b-05.png,94881,experiences it for the first time herself it
/Users/kermorvant/Data/Images/IAM/lines/c03/c03-016b/c03-016b-08.png,78761,first lover is a sailor who leaves her to bear
/Users/kermorvant/Data/Images/IAM/lines/c03/c03-016c/c03-016c-02.png,73004,girl lives in a single dingy room with her
/Users/kermorvant/Data/Images/IAM/lines/c03/c03-016c/c03-016c-05.png,77815,and when she experiences it for the first time
/Users/kermorvant/Data/Images/IAM/lines/c03/c03-016d/c03-016d-02.png,73822,girl lives in a single dingy room with
/Users/kermorvant/Data/Images/IAM/lines/c03/c03-016d/c03-016d-04.png,81528,surroundings she learns sex is something
/Users/kermorvant/Data/Images/IAM/lines/c03/c03-016d/c03-016d-09.png,64173,who leaves her to bear his child and sails
/Users/kermorvant/Data/Images/IAM/lines/c03/c03-016e/c03-016e-02.png,95672,girl lives in a single dingy room with her
/Users/kermorvant/Data/Images/IAM/lines/c03/c03-016e/c03-016e-04.png,94544,surroundings she learns sex is something
/Users/kermorvant/Data/Images/IAM/lines/c03/c03-016e/c03-016e-09.png,91300,first lover is a sailor who leaves her to
/Users/kermorvant/Data/Images/IAM/lines/c03/c03-021a/c03-021a-02.png,65117,estranged from women but yet moved by a
/Users/kermorvant/Data/Images/IAM/lines/c03/c03-021a/c03-021a-03.png,71964,strong maternal instinct to the unborn child
/Users/kermorvant/Data/Images/IAM/lines/c03/c03-021a/c03-021a-05.png,68893,as a protector and comforter to her in her
/Users/kermorvant/Data/Images/IAM/lines/c03/c03-021b/c03-021b-02.png,95679,women but yet moved by a strong maternal instinct to
/Users/kermorvant/Data/Images/IAM/lines/c03/c03-021b/c03-021b-04.png,90408,who acts as a protector and comforter to her in her hour
/Users/kermorvant/Data/Images/IAM/lines/c03/c03-021b/c03-021b-07.png,70354,someone to love you while you are looking for
/Users/kermorvant/Data/Images/IAM/lines/c03/c03-021c/c03-021c-02.png,89545,from women but yet moved by a strong maternal
/Users/kermorvant/Data/Images/IAM/lines/c03/c03-021c/c03-021c-03.png,74837,instinct to the unborn child as much as to the
/Users/kermorvant/Data/Images/IAM/lines/c03/c03-021c/c03-021c-06.png,93121,shares her room and gives her his forlorn gift
/Users/kermorvant/Data/Images/IAM/lines/c03/c03-021c/c03-021c-08.png,76784,to love you while you are looking for
/Users/kermorvant/Data/Images/IAM/lines/c03/c03-021d/c03-021d-02.png,85433,estranged from women but yet moved by a
/Users/kermorvant/Data/Images/IAM/lines/c03/c03-021d/c03-021d-03.png,81169,strong maternal instinct to the unborn child
/Users/kermorvant/Data/Images/IAM/lines/c03/c03-021d/c03-021d-05.png,73573,acts as a protector and comforter to her in
/Users/kermorvant/Data/Images/IAM/lines/c03/c03-021d/c03-021d-07.png,81417,her his forlorn gift of companionship and
/Users/kermorvant/Data/Images/IAM/lines/c03/c03-021e/c03-021e-03.png,104706,by a strong maternal instinct to the unborn
/Users/kermorvant/Data/Images/IAM/lines/c03/c03-021e/c03-021e-05.png,88343,who acts as a protector and comforter to
/Users/kermorvant/Data/Images/IAM/lines/c03/c03-021e/c03-021e-09.png,98094,to love you while you are looking for
/Users/kermorvant/Data/Images/IAM/lines/c03/c03-021f/c03-021f-03.png,86067,moved by a strong maternal instinct to
/Users/kermorvant/Data/Images/IAM/lines/c03/c03-021f/c03-021f-04.png,64267,the unborn child as much as to the
/Users/kermorvant/Data/Images/IAM/lines/c03/c03-081a/c03-081a-03.png,54410,in our minds about her if she remained
/Users/kermorvant/Data/Images/IAM/lines/c03/c03-081b/c03-081b-03.png,95035,minds about her if she remained a flawed but
/Users/kermorvant/Data/Images/IAM/lines/c03/c03-081c/c03-081c-02.png,75045,we would be altogether clearer in our minds
/Users/kermorvant/Data/Images/IAM/lines/c03/c03-081c/c03-081c-03.png,92665,about her if she remained a flawed but beautiful
/Users/kermorvant/Data/Images/IAM/lines/c03/c03-081d/c03-081d-03.png,71561,in our minds about her if she remained
/Users/kermorvant/Data/Images/IAM/lines/c03/c03-081d/c03-081d-09.png,91450,a performance of rare intelligence and
/Users/kermorvant/Data/Images/IAM/lines/c03/c03-081e/c03-081e-03.png,88150,in our minds about her if she remained
/Users/kermorvant/Data/Images/IAM/lines/c03/c03-081e/c03-081e-09.png,96172,mance of rare intelligence and restrained
/Users/kermorvant/Data/Images/IAM/lines/c03/c03-081f/c03-081f-03.png,74848,in our minds about her if she remained a
/Users/kermorvant/Data/Images/IAM/lines/c03/c03-081f/c03-081f-09.png,92809,performance of rare intelligence and restrained
/Users/kermorvant/Data/Images/IAM/lines/c03/c03-084a/c03-084a-06.png,66476,on the not unfamiliar theme of the destructive
/Users/kermorvant/Data/Images/IAM/lines/c03/c03-084b/c03-084b-06.png,89165,on the not unfamiliar theme of the destructive
/Users/kermorvant/Data/Images/IAM/lines/c03/c03-084c/c03-084c-05.png,83451,was a morality on the not unfamiliar theme of
/Users/kermorvant/Data/Images/IAM/lines/c03/c03-084d/c03-084d-07.png,87377,theme of the destructive power of unbridled
/Users/kermorvant/Data/Images/IAM/lines/c03/c03-084e/c03-084e-06.png,116214,the not unfamiliar theme of the destructive
/Users/kermorvant/Data/Images/IAM/lines/c03/c03-084f/c03-084f-07.png,83265,unfamiliar theme of the destructive power
/Users/kermorvant/Data/Images/IAM/lines/c03/c03-087a/c03-087a-01.png,65830,treatments of its subject by attempting to
/Users/kermorvant/Data/Images/IAM/lines/c03/c03-087a/c03-087a-02.png,68793,generate a melodramatic inevitability which
/Users/kermorvant/Data/Images/IAM/lines/c03/c03-087a/c03-087a-03.png,61084,left its central character and the world
/Users/kermorvant/Data/Images/IAM/lines/c03/c03-087a/c03-087a-06.png,59442,succeeded if we had a little more faith in the
/Users/kermorvant/Data/Images/IAM/lines/c03/c03-087b/c03-087b-01.png,106769,treatments of its subject by attempting to
/Users/kermorvant/Data/Images/IAM/lines/c03/c03-087b/c03-087b-02.png,99244,generate a melodramatic inevitability which
/Users/kermorvant/Data/Images/IAM/lines/c03/c03-087b/c03-087b-03.png,80467,left its central character and the world
/Users/kermorvant/Data/Images/IAM/lines/c03/c03-087b/c03-087b-06.png,82271,succeeded if we had a little more faith in the
/Users/kermorvant/Data/Images/IAM/lines/c03/c03-087c/c03-087c-02.png,90628,dramatic inevitability which left its central character
/Users/kermorvant/Data/Images/IAM/lines/c03/c03-087c/c03-087c-05.png,73027,or not the attempt succeeded if we had a
/Users/kermorvant/Data/Images/IAM/lines/c03/c03-087d/c03-087d-01.png,77547,most treatments of its subject by
/Users/kermorvant/Data/Images/IAM/lines/c03/c03-087d/c03-087d-02.png,91238,attempting to generate a melodramatic
/Users/kermorvant/Data/Images/IAM/lines/c03/c03-087d/c03-087d-03.png,88717,inevitability which left its central character
/Users/kermorvant/Data/Images/IAM/lines/c03/c03-087d/c03-087d-06.png,80738,say whether or not the attempt succeeded
/Users/kermorvant/Data/Images/IAM/lines/c03/c03-087d/c03-087d-07.png,61818,of we had a little more faith in the
/Users/kermorvant/Data/Images/IAM/lines/c03/c03-087e/c03-087e-01.png,111449,treatments of its subject by attempting to
/Users/kermorvant/Data/Images/IAM/lines/c03/c03-087e/c03-087e-02.png,107703,generate a melodramatic inevitability
/Users/kermorvant/Data/Images/IAM/lines/c03/c03-087e/c03-087e-03.png,93184,which left its central character and the world
/Users/kermorvant/Data/Images/IAM/lines/c03/c03-087e/c03-087e-06.png,107087,the attempt succeeded if we had a little more
/Users/kermorvant/Data/Images/IAM/lines/c03/c03-087f/c03-087f-01.png,95206,most treatments of its subject by attempting
/Users/kermorvant/Data/Images/IAM/lines/c03/c03-087f/c03-087f-02.png,82474,to generate a melodramatic inevitability
/Users/kermorvant/Data/Images/IAM/lines/c03/c03-087f/c03-087f-03.png,74905,which left its central character and the
/Users/kermorvant/Data/Images/IAM/lines/c03/c03-087f/c03-087f-06.png,77538,or not the attempt succeeded if we had a
/Users/kermorvant/Data/Images/IAM/lines/c03/c03-094a/c03-094a-06.png,71610,not asked to modulate from their set moods
/Users/kermorvant/Data/Images/IAM/lines/c03/c03-094b/c03-094b-06.png,95729,to modulate from their set moods but played
/Users/kermorvant/Data/Images/IAM/lines/c03/c03-094d/c03-094d-07.png,77959,asked to modulate from their set moods
/Users/kermorvant/Data/Images/IAM/lines/c03/c03-094e/c03-094e-06.png,94032,they were not asked to modulate from
/Users/kermorvant/Data/Images/IAM/lines/c03/c03-094e/c03-094e-07.png,98125,their set moods but played with proper
/Users/kermorvant/Data/Images/IAM/lines/c03/c03-094f/c03-094f-06.png,69975,they were not asked to modulate from
/Users/kermorvant/Data/Images/IAM/lines/c03/c03-094f/c03-094f-07.png,82144,their set moods but played with proper
/Users/kermorvant/Data/Images/IAM/lines/c03/c03-096a/c03-096a-03.png,69781,the author in spite of the ineffectuality
/Users/kermorvant/Data/Images/IAM/lines/c03/c03-096a/c03-096a-05.png,69469,hopes that he is not asking us to believe
/Users/kermorvant/Data/Images/IAM/lines/c03/c03-096a/c03-096a-07.png,65151,act oddly like the queer foreigners of
/Users/kermorvant/Data/Images/IAM/lines/c03/c03-096b/c03-096b-03.png,98950,by the author in spite of the ineffectuality
/Users/kermorvant/Data/Images/IAM/lines/c03/c03-096c/c03-096c-02.png,79285,driven to effective action by the author in spite
/Users/kermorvant/Data/Images/IAM/lines/c03/c03-096c/c03-096c-03.png,83345,of the ineffectuality with which he had
/Users/kermorvant/Data/Images/IAM/lines/c03/c03-096d/c03-096d-03.png,64935,action by the author in spite of the
/Users/kermorvant/Data/Images/IAM/lines/c03/c03-096d/c03-096d-04.png,82867,ineffectuality with which he had endowed
/Users/kermorvant/Data/Images/IAM/lines/c03/c03-096e/c03-096e-03.png,116967,the author in spite of the ineffectuality with
/Users/kermorvant/Data/Images/IAM/lines/c03/c03-096f/c03-096f-03.png,70391,action by the author in spite of the
/Users/kermorvant/Data/Images/IAM/lines/c03/c03-096f/c03-096f-04.png,92264,ineffectuality with which he had endowed
/Users/kermorvant/Data/Images/IAM/lines/c04/c04-013/c04-013-05.png,37253,best moments are when he swings breezily into the
/Users/kermorvant/Data/Images/IAM/lines/c04/c04-017/c04-017-02.png,57714,think hard and long before his next jump into the
/Users/kermorvant/Data/Images/IAM/lines/c04/c04-023/c04-023-01.png,45011,variation on that sinister yarn in which half the cast
/Users/kermorvant/Data/Images/IAM/lines/c04/c04-035/c04-035-02.png,58493,loose their ancient houseboat on a honeymoon trip down
/Users/kermorvant/Data/Images/IAM/lines/c04/c04-039/c04-039-07.png,75006,performance as the master mind behind a
/Users/kermorvant/Data/Images/IAM/lines/c04/c04-050/c04-050-01.png,64634,from their earlier act on this show a week
/Users/kermorvant/Data/Images/IAM/lines/c04/c04-056/c04-056-07.png,76928,scene where six of the cast changed
/Users/kermorvant/Data/Images/IAM/lines/c04/c04-061/c04-061-02.png,33648,alone used a sharp edge to their humour and cut
/Users/kermorvant/Data/Images/IAM/lines/c04/c04-075/c04-075-01.png,44435,disc solo pianist were greatly enhanced when he dug out
/Users/kermorvant/Data/Images/IAM/lines/c06/c06-005/c06-005-05.png,39287,with many an obliging guffaw to the
/Users/kermorvant/Data/Images/IAM/lines/c06/c06-027/c06-027-01.png,78113,the advantage that no one knows what
/Users/kermorvant/Data/Images/IAM/lines/c06/c06-039/c06-039-06.png,25207,will put a postage stamp into orbit before you
/Users/kermorvant/Data/Images/IAM/lines/c06/c06-043/c06-043-01.png,44643,seizure and was gravely ill in
/Users/kermorvant/Data/Images/IAM/lines/c06/c06-043/c06-043-02.png,55726,hospital with a diabetic and heart
/Users/kermorvant/Data/Images/IAM/lines/c06/c06-043/c06-043-04.png,62245,heralded by the announcement that
/Users/kermorvant/Data/Images/IAM/lines/c06/c06-043/c06-043-08.png,55671,three times up before the beaks for
/Users/kermorvant/Data/Images/IAM/lines/c06/c06-058/c06-058-04.png,28638,is in a pub where the author throws a
/Users/kermorvant/Data/Images/IAM/lines/c06/c06-080/c06-080-01.png,56102,feathered friend is not the only
/Users/kermorvant/Data/Images/IAM/lines/c06/c06-080/c06-080-06.png,42479,been shot in and around the
/Users/kermorvant/Data/Images/IAM/lines/c06/c06-091/c06-091-02.png,89813,in places and has a line or two of painful home truths
/Users/kermorvant/Data/Images/IAM/lines/c06/c06-100/c06-100-05.png,23615,turning up as the typical teenager in all the
/Users/kermorvant/Data/Images/IAM/lines/c06/c06-103/c06-103-03.png,103372,certificate have to keep a sharp
/Users/kermorvant/Data/Images/IAM/lines/c06/c06-103/c06-103-07.png,110196,verbal variety and not the visual
/Users/kermorvant/Data/Images/IAM/lines/c06/c06-103/c06-103-09.png,125911,that of the entry of a gladiator
/Users/kermorvant/Data/Images/IAM/lines/c06/c06-106/c06-106-09.png,61039,is an academic friend of her
/Users/kermorvant/Data/Images/IAM/lines/c06/c06-116/c06-116-05.png,59619,captain of the junior hockey team at
/Users/kermorvant/Data/Images/IAM/lines/c06/c06-116/c06-116-08.png,47133,is an earlier essay in atmospheric
/Users/kermorvant/Data/Images/IAM/lines/c06/c06-138/c06-138-01.png,93837,style all the more tellingly
/Users/kermorvant/Data/Images/IAM/lines/c06/c06-138/c06-138-02.png,94605,points up not only the horror
/Users/kermorvant/Data/Images/IAM/lines/c06/c06-138/c06-138-04.png,103334,floundered on to the electrocution
/Users/kermorvant/Data/Images/IAM/lines/e01/e01-022/e01-022-02.png,88368,bridal veil handed down from mother
/Users/kermorvant/Data/Images/IAM/lines/e01/e01-025/e01-025-02.png,85962,lamentably low standards in the fussy
/Users/kermorvant/Data/Images/IAM/lines/e01/e01-025/e01-025-04.png,98666,but it would take more than a temporary
/Users/kermorvant/Data/Images/IAM/lines/e01/e01-025/e01-025-08.png,90971,ustrations in the following pages will show
/Users/kermorvant/Data/Images/IAM/lines/e01/e01-029/e01-029-03.png,47835,can give striking individuality to many things
/Users/kermorvant/Data/Images/IAM/lines/e01/e01-032/e01-032-01.png,46394,threads may be reserved to bring a light
/Users/kermorvant/Data/Images/IAM/lines/e01/e01-035/e01-035-01.png,29329,and worked lace as well as women and
/Users/kermorvant/Data/Images/IAM/lines/e01/e01-050/e01-050-01.png,32464,amount of crochet was produced in the
/Users/kermorvant/Data/Images/IAM/lines/e01/e01-050/e01-050-04.png,49708,was developed into quite an elaborate and distinctive
/Users/kermorvant/Data/Images/IAM/lines/e01/e01-059/e01-059-03.png,39502,little time and concentration the woman at home can
/Users/kermorvant/Data/Images/IAM/lines/e01/e01-059/e01-059-04.png,50522,produce fashion articles as elegant as those of
/Users/kermorvant/Data/Images/IAM/lines/e01/e01-062/e01-062-02.png,44217,from heavy to fine can fulfil a variety of
/Users/kermorvant/Data/Images/IAM/lines/e01/e01-062/e01-062-05.png,48308,pages simple diagrams and instructions are given
/Users/kermorvant/Data/Images/IAM/lines/e01/e01-062/e01-062-06.png,44820,to enable the beginner to master all the essential
/Users/kermorvant/Data/Images/IAM/lines/e01/e01-081/e01-081-04.png,48036,on the linen following the outline of the crochet edges
/Users/kermorvant/Data/Images/IAM/lines/e01/e01-086/e01-086-02.png,42849,the knotted part of the button stitch lying on the
/Users/kermorvant/Data/Images/IAM/lines/e01/e01-102/e01-102-02.png,62644,are more effective for the delicate designs used for
/Users/kermorvant/Data/Images/IAM/lines/e01/e01-107/e01-107-02.png,53360,it is important that you use the size of hook
/Users/kermorvant/Data/Images/IAM/lines/e01/e01-107/e01-107-07.png,49617,you have become proficient in these
/Users/kermorvant/Data/Images/IAM/lines/e01/e01-113/e01-113-05.png,55144,of broad bar of hook as you would a
/Users/kermorvant/Data/Images/IAM/lines/e01/e01-119/e01-119-04.png,57853,in opposite directions to bring loop close around
/Users/kermorvant/Data/Images/IAM/lines/e02/e02-014/e02-014-05.png,73910,of the plane sole to make the tapered surfaces
/Users/kermorvant/Data/Images/IAM/lines/e02/e02-018/e02-018-01.png,68203,end reveals when the required amount
/Users/kermorvant/Data/Images/IAM/lines/e02/e02-018/e02-018-03.png,79232,to stop the plane short of the squared
/Users/kermorvant/Data/Images/IAM/lines/e02/e02-021/e02-021-01.png,93594,complete any mortising that may be
/Users/kermorvant/Data/Images/IAM/lines/e02/e02-021/e02-021-02.png,104825,needed at the top before the tapering is
/Users/kermorvant/Data/Images/IAM/lines/e02/e02-021/e02-021-05.png,86650,the outer surfaces being vertical as
/Users/kermorvant/Data/Images/IAM/lines/e02/e02-025/e02-025-01.png,77136,the top member of the toe are
/Users/kermorvant/Data/Images/IAM/lines/e02/e02-025/e02-025-04.png,89092,this case it is necessary to
/Users/kermorvant/Data/Images/IAM/lines/e02/e02-025/e02-025-05.png,91842,mark in the line of the taper
/Users/kermorvant/Data/Images/IAM/lines/e02/e02-025/e02-025-08.png,74557,made at the upper toe line
/Users/kermorvant/Data/Images/IAM/lines/e02/e02-074/e02-074-05.png,50354,it enables results to be obtained fairly
/Users/kermorvant/Data/Images/IAM/lines/e02/e02-082/e02-082-01.png,81839,everyone has come to recognise that machines
/Users/kermorvant/Data/Images/IAM/lines/e02/e02-082/e02-082-03.png,94020,great deal of drudgery can be avoided by the
/Users/kermorvant/Data/Images/IAM/lines/e02/e02-082/e02-082-07.png,85884,would unhesitatingly use a machine if it
/Users/kermorvant/Data/Images/IAM/lines/e02/e02-086/e02-086-04.png,43728,any case may be regarded as a good beginning to
/Users/kermorvant/Data/Images/IAM/lines/e02/e02-086/e02-086-06.png,47233,nature of the work will probably dictate the additions
/Users/kermorvant/Data/Images/IAM/lines/e02/e02-086/e02-086-08.png,39458,which increases the range of things that can be
/Users/kermorvant/Data/Images/IAM/lines/e02/e02-091/e02-091-06.png,66432,cabinet work the necessity for
/Users/kermorvant/Data/Images/IAM/lines/e02/e02-091/e02-091-07.png,66252,certain special tools will become
/Users/kermorvant/Data/Images/IAM/lines/e02/e02-094/e02-094-02.png,56158,depend partly upon the space available
/Users/kermorvant/Data/Images/IAM/lines/e02/e02-100/e02-100-02.png,48801,better to pay the fair price for a tool of good
/Users/kermorvant/Data/Images/IAM/lines/e02/e02-100/e02-100-05.png,44685,yourself to blame the tools when the job does
/Users/kermorvant/Data/Images/IAM/lines/e02/e02-117/e02-117-06.png,66540,tool cupboard shown here has been specially
/Users/kermorvant/Data/Images/IAM/lines/e04/e04-000/e04-000-03.png,40860,capable of withstanding the heavy handling of the
/Users/kermorvant/Data/Images/IAM/lines/e04/e04-008/e04-008-01.png,57640,which should nevertheless be cut with care to ensure a neat
/Users/kermorvant/Data/Images/IAM/lines/e04/e04-011/e04-011-03.png,50418,the end of the feeding tray as seen in
/Users/kermorvant/Data/Images/IAM/lines/e04/e04-011/e04-011-05.png,60353,hardboard is covered with plastic material
/Users/kermorvant/Data/Images/IAM/lines/e04/e04-011/e04-011-06.png,68129,for easy cleaning and then fixed underneath
/Users/kermorvant/Data/Images/IAM/lines/e04/e04-011/e04-011-07.png,63099,the frame with panel pins to complete
/Users/kermorvant/Data/Images/IAM/lines/e04/e04-015/e04-015-01.png,42991,fits up against the front legs of the
/Users/kermorvant/Data/Images/IAM/lines/e04/e04-015/e04-015-06.png,58699,shows the framework for the back which
/Users/kermorvant/Data/Images/IAM/lines/e04/e04-019/e04-019-01.png,59164,also the height is left to personal choice
/Users/kermorvant/Data/Images/IAM/lines/e04/e04-019/e04-019-02.png,52553,and the width is best taken directly
/Users/kermorvant/Data/Images/IAM/lines/e04/e04-019/e04-019-05.png,62758,with glue and panel pins and then fit
/Users/kermorvant/Data/Images/IAM/lines/e04/e04-019/e04-019-06.png,58741,the frame together with the piece
/Users/kermorvant/Data/Images/IAM/lines/e04/e04-022/e04-022-06.png,62672,to the frame and its edges planed off
/Users/kermorvant/Data/Images/IAM/lines/e04/e04-030/e04-030-03.png,62814,made by shaping and soldering two pieces of stout
/Users/kermorvant/Data/Images/IAM/lines/e04/e04-030/e04-030-05.png,56111,are well secured as they will have to withstand
/Users/kermorvant/Data/Images/IAM/lines/e04/e04-034/e04-034-04.png,72120,woodfiller in the usual way and paint the frame in
/Users/kermorvant/Data/Images/IAM/lines/e04/e04-034/e04-034-06.png,70995,for the seat and the back which can be decorated with
/Users/kermorvant/Data/Images/IAM/lines/e04/e04-038/e04-038-02.png,67545,to cover the footrest with rubber or any such protective
/Users/kermorvant/Data/Images/IAM/lines/e04/e04-038/e04-038-03.png,59595,material that might be available as otherwise the
/Users/kermorvant/Data/Images/IAM/lines/e04/e04-043/e04-043-06.png,71977,and an outboard motor with a comfortable
/Users/kermorvant/Data/Images/IAM/lines/e04/e04-079/e04-079-01.png,43436,transoms to shape as in the
/Users/kermorvant/Data/Images/IAM/lines/e04/e04-079/e04-079-03.png,42419,a wooden floor you can use
/Users/kermorvant/Data/Images/IAM/lines/e04/e04-079/e04-079-06.png,59938,frame that will sit firmly on
/Users/kermorvant/Data/Images/IAM/lines/e04/e04-079/e04-079-08.png,52165,use a heavy old base as in
/Users/kermorvant/Data/Images/IAM/lines/e04/e04-083/e04-083-03.png,46980,to allow for the chines to rest in these
/Users/kermorvant/Data/Images/IAM/lines/e04/e04-086/e04-086-01.png,49083,is joined to both transoms and lies in the grooves
/Users/kermorvant/Data/Images/IAM/lines/e04/e04-091/e04-091-02.png,45158,spring them both at the same time over the
/Users/kermorvant/Data/Images/IAM/lines/e04/e04-091/e04-091-03.png,41017,slots cut in the moulds and into the notches
/Users/kermorvant/Data/Images/IAM/lines/e04/e04-091/e04-091-04.png,52251,cut for this purpose in the stern or after
/Users/kermorvant/Data/Images/IAM/lines/e04/e04-095/e04-095-01.png,58197,and this is the time to check before making fast
/Users/kermorvant/Data/Images/IAM/lines/e04/e04-095/e04-095-03.png,48961,the outside measurements from transom to transom
/Users/kermorvant/Data/Images/IAM/lines/e04/e04-095/e04-095-04.png,46656,are equal on each side and that the transoms
/Users/kermorvant/Data/Images/IAM/lines/e04/e04-099/e04-099-01.png,55475,plan measurements but leave sufficient margin for
/Users/kermorvant/Data/Images/IAM/lines/e04/e04-103/e04-103-04.png,83106,you have a third clamp use it in the centre as
/Users/kermorvant/Data/Images/IAM/lines/e04/e04-114/e04-114-03.png,91022,screwing and gluing this piece to the chines it is
/Users/kermorvant/Data/Images/IAM/lines/e04/e04-114/e04-114-04.png,91366,necessary to be careful not to miss the chine with
/Users/kermorvant/Data/Images/IAM/lines/e04/e04-119/e04-119-01.png,81990,the rubbing strakes and you are ready to lift the boat off
/Users/kermorvant/Data/Images/IAM/lines/e04/e04-119/e04-119-04.png,71626,up on two boxes or trestles of convenient height for
/Users/kermorvant/Data/Images/IAM/lines/e04/e04-124/e04-124-01.png,70440,taking care to reinforce the sides of the dinghy at the seats
/Users/kermorvant/Data/Images/IAM/lines/e04/e04-124/e04-124-03.png,73177,four blocks for the rowlocks and mark their positions
/Users/kermorvant/Data/Images/IAM/lines/e04/e04-124/e04-124-04.png,70960,before riveting on the gunwales so that you do not put
/Users/kermorvant/Data/Images/IAM/lines/e04/e04-127/e04-127-05.png,76915,into a variety of shapes they can be combined by either
/Users/kermorvant/Data/Images/IAM/lines/e04/e04-132/e04-132-03.png,57459,resulting panel utilized for decorating a useful
/Users/kermorvant/Data/Images/IAM/lines/e07/e07-000/e07-000-04.png,33060,witness described one sprayed area as literally rank with
/Users/kermorvant/Data/Images/IAM/lines/e07/e07-003/e07-003-01.png,48355,does the balance of nature by killing both pests
/Users/kermorvant/Data/Images/IAM/lines/e07/e07-003/e07-003-04.png,57422,content with issuing bulletins on the dangers
/Users/kermorvant/Data/Images/IAM/lines/e07/e07-003/e07-003-06.png,55400,some stations are carrying out useful research on
/Users/kermorvant/Data/Images/IAM/lines/e07/e07-003/e07-003-08.png,64231,imported predatory insects and insect pathogens
/Users/kermorvant/Data/Images/IAM/lines/e07/e07-012/e07-012-02.png,25189,praying mantis satisfies its voracity by
/Users/kermorvant/Data/Images/IAM/lines/e07/e07-012/e07-012-04.png,26939,may be consumed at one sitting and
/Users/kermorvant/Data/Images/IAM/lines/e07/e07-012/e07-012-06.png,23795,is able to keep a firm hold on one
/Users/kermorvant/Data/Images/IAM/lines/e07/e07-061/e07-061-02.png,25758,first mantis had hatched from the very large
/Users/kermorvant/Data/Images/IAM/lines/e07/e07-061/e07-061-08.png,28446,many of the mantis of both types had died
/Users/kermorvant/Data/Images/IAM/lines/e07/e07-066/e07-066-02.png,22548,cooperate with me in studying praying
/Users/kermorvant/Data/Images/IAM/lines/e07/e07-066/e07-066-03.png,20700,mantis as a pest control in the cold
/Users/kermorvant/Data/Images/IAM/lines/e07/e07-072/e07-072-03.png,21779,in the smaller sizes that the substitutes
/Users/kermorvant/Data/Images/IAM/lines/e07/e07-072/e07-072-05.png,27885,numerous small clay pots are used each
/Users/kermorvant/Data/Images/IAM/lines/e07/e07-072/e07-072-08.png,25512,no real substitute for clay that can be
/Users/kermorvant/Data/Images/IAM/lines/e07/e07-072/e07-072-10.png,25433,bituminized paper pots which are used on
/Users/kermorvant/Data/Images/IAM/lines/e07/e07-072/e07-072-11.png,24963,commercial nurseries for growing tomatoes
/Users/kermorvant/Data/Images/IAM/lines/e07/e07-076/e07-076-07.png,24485,they are not quite so fragile as the
/Users/kermorvant/Data/Images/IAM/lines/e07/e07-076/e07-076-08.png,26340,smaller ones and are not normally thrown
/Users/kermorvant/Data/Images/IAM/lines/e07/e07-079/e07-079-02.png,24695,and difficult things to accommodate and
/Users/kermorvant/Data/Images/IAM/lines/e07/e07-079/e07-079-03.png,24494,they must have some protection from severe
/Users/kermorvant/Data/Images/IAM/lines/e07/e07-079/e07-079-06.png,24523,broken pots have on occasions provided
/Users/kermorvant/Data/Images/IAM/lines/e07/e07-083/e07-083-01.png,22660,wash clay pots is a definite factor in
/Users/kermorvant/Data/Images/IAM/lines/e07/e07-083/e07-083-03.png,24702,young man was so wholehearted about this
/Users/kermorvant/Data/Images/IAM/lines/e07/e07-083/e07-083-04.png,32996,a few years ago that he made the headlines
/Users/kermorvant/Data/Images/IAM/lines/e07/e07-083/e07-083-09.png,32969,whereas on larger establishments the pots
/Users/kermorvant/Data/Images/IAM/lines/e07/e07-086/e07-086-01.png,22821,comparison between clay pots and the various
/Users/kermorvant/Data/Images/IAM/lines/e07/e07-086/e07-086-05.png,34422,efficient and congenial containers in which
/Users/kermorvant/Data/Images/IAM/lines/e07/e07-090/e07-090-01.png,23400,not get dirty so readily and are easier to
/Users/kermorvant/Data/Images/IAM/lines/e07/e07-090/e07-090-07.png,28050,decided advantage of being the only
/Users/kermorvant/Data/Images/IAM/lines/e07/e07-090/e07-090-08.png,28039,suitable container available in quantity
/Users/kermorvant/Data/Images/IAM/lines/e07/e07-094/e07-094-05.png,23090,are made of the same compost as would have
/Users/kermorvant/Data/Images/IAM/lines/e07/e07-094/e07-094-07.png,19156,that it is used in a slightly moister
/Users/kermorvant/Data/Images/IAM/lines/e07/e07-098/e07-098-02.png,22807,being that more of the watering is done through a
/Users/kermorvant/Data/Images/IAM/lines/e07/e07-098/e07-098-03.png,21641,rose to avoid breaking the blocks with a spout
/Users/kermorvant/Data/Images/IAM/lines/e07/e07-101/e07-101-06.png,21822,is that soil blocks can only be used for
/Users/kermorvant/Data/Images/IAM/lines/e07/e07-101/e07-101-08.png,26177,larger block when the plant or seedling is ready
/Users/kermorvant/Data/Images/IAM/lines/e07/e07-105/e07-105-02.png,18076,block maker and use the money saved on
/Users/kermorvant/Data/Images/IAM/lines/e07/e07-105/e07-105-06.png,21574,inclined to collapse if the plants are in them
/Users/kermorvant/Data/Images/IAM/lines/e07/e07-108/e07-108-02.png,23048,their cheapness making them attractive to the
/Users/kermorvant/Data/Images/IAM/lines/e07/e07-108/e07-108-08.png,23229,plants grow quite well in plastic pots and
/Users/kermorvant/Data/Images/IAM/lines/e07/e07-108/e07-108-09.png,23498,usually need less water than those in clay
/Users/kermorvant/Data/Images/IAM/lines/e07/e07-112/e07-112-04.png,35753,but they are almost indestructible and
/Users/kermorvant/Data/Images/IAM/lines/f01/f01-053/f01-053-01.png,35352,vocabulary to work on the existing store
/Users/kermorvant/Data/Images/IAM/lines/f01/f01-053/f01-053-07.png,31747,ask questions and uses the books to
/Users/kermorvant/Data/Images/IAM/lines/f01/f01-066/f01-066-03.png,88026,surgical and pharmacological evidence points to a very
/Users/kermorvant/Data/Images/IAM/lines/f01/f01-066/f01-066-06.png,77041,essence of a man which is supposed to persist apart from
/Users/kermorvant/Data/Images/IAM/lines/f01/f01-066/f01-066-08.png,94765,the basis of all those experiences and phenomena which
/Users/kermorvant/Data/Images/IAM/lines/f01/f01-070/f01-070-04.png,94611,picture of the basis of such material phenomena
/Users/kermorvant/Data/Images/IAM/lines/f01/f01-075/f01-075-03.png,71038,thought to combine together to form compound
/Users/kermorvant/Data/Images/IAM/lines/f01/f01-075/f01-075-04.png,59337,experiences by analogy with the way atoms of
/Users/kermorvant/Data/Images/IAM/lines/f01/f01-075/f01-075-08.png,56014,for basic units of mind has gone on and will
/Users/kermorvant/Data/Images/IAM/lines/f01/f01-081/f01-081-01.png,96904,close analogy between the units of quite different
/Users/kermorvant/Data/Images/IAM/lines/f01/f01-081/f01-081-03.png,81011,in physics might lead us to suppose that the ultimate
/Users/kermorvant/Data/Images/IAM/lines/f01/f01-081/f01-081-05.png,95402,correct to regard operations as the ultimate units of
/Users/kermorvant/Data/Images/IAM/lines/f01/f01-085/f01-085-01.png,87047,psychology in its search for ultimate units and here
/Users/kermorvant/Data/Images/IAM/lines/f01/f01-085/f01-085-02.png,71841,we can only indicate what seems to be the most promising
/Users/kermorvant/Data/Images/IAM/lines/f01/f01-135/f01-135-03.png,72776,encountering this tendency
/Users/kermorvant/Data/Images/IAM/lines/f01/f01-135/f01-135-07.png,95643,and this feeling of queerness
/Users/kermorvant/Data/Images/IAM/lines/f01/f01-135/f01-135-08.png,116222,usually boils down to a quite
/Users/kermorvant/Data/Images/IAM/lines/f01/f01-135/f01-135-09.png,104081,mistaken belief that the
/Users/kermorvant/Data/Images/IAM/lines/f01/f01-139/f01-139-05.png,62029,nowadays most psychologists would agree that it is
/Users/kermorvant/Data/Images/IAM/lines/f01/f01-139/f01-139-06.png,56864,one of the most unreliable methods of getting
/Users/kermorvant/Data/Images/IAM/lines/f01/f01-143/f01-143-01.png,64080,directly look into the mental processes of another
/Users/kermorvant/Data/Images/IAM/lines/f01/f01-143/f01-143-02.png,57530,person they observe his visible behaviour and then try
/Users/kermorvant/Data/Images/IAM/lines/f01/f01-143/f01-143-03.png,55937,to give theoretical interpretations of what lies behind
/Users/kermorvant/Data/Images/IAM/lines/f01/f01-147/f01-147-02.png,78422,to be prepared to observe and make inferences about
/Users/kermorvant/Data/Images/IAM/lines/f02/f02-003/f02-003-03.png,35690,the panel decided to seek further insight into the
/Users/kermorvant/Data/Images/IAM/lines/f02/f02-017/f02-017-02.png,36509,to revise the course in the light of
/Users/kermorvant/Data/Images/IAM/lines/f02/f02-020/f02-020-01.png,30600,which takes place at company expense in a country or
/Users/kermorvant/Data/Images/IAM/lines/f02/f02-020/f02-020-04.png,30853,discussions are arranged for the wives in addition to the
/Users/kermorvant/Data/Images/IAM/lines/f02/f02-030/f02-030-05.png,25865,personnel department or by an approach to
/Users/kermorvant/Data/Images/IAM/lines/f02/f02-033/f02-033-09.png,43378,he had made into the problems that beset
/Users/kermorvant/Data/Images/IAM/lines/f02/f02-033/f02-033-10.png,47289,older workers and the effects of retirement
/Users/kermorvant/Data/Images/IAM/lines/f02/f02-036/f02-036-02.png,49398,raised were of considerable importance to the citizens of
/Users/kermorvant/Data/Images/IAM/lines/f02/f02-036/f02-036-04.png,43694,committee representative of bodies particularly concerned with
/Users/kermorvant/Data/Images/IAM/lines/f02/f02-036/f02-036-05.png,44417,the welfare of older people to examine the report and
/Users/kermorvant/Data/Images/IAM/lines/f02/f02-036/f02-036-06.png,48261,its implications and to consider the advisability of
/Users/kermorvant/Data/Images/IAM/lines/f02/f02-038/f02-038-02.png,42229,reflected not only an increasing awareness
/Users/kermorvant/Data/Images/IAM/lines/f02/f02-038/f02-038-03.png,32852,of the problems of men and women nearing
/Users/kermorvant/Data/Images/IAM/lines/f02/f02-038/f02-038-04.png,34306,or already in retirement but also a strong
/Users/kermorvant/Data/Images/IAM/lines/f02/f02-038/f02-038-05.png,35928,desire on the part of all concerned for
/Users/kermorvant/Data/Images/IAM/lines/f02/f02-038/f02-038-06.png,37892,concerted action towards preparing men
/Users/kermorvant/Data/Images/IAM/lines/f02/f02-038/f02-038-07.png,28214,and women for life in retirement and more
/Users/kermorvant/Data/Images/IAM/lines/f02/f02-038/f02-038-08.png,34548,adequate provision of facilities for
/Users/kermorvant/Data/Images/IAM/lines/f02/f02-044/f02-044-08.png,51399,to the men and their employers that the venture was an
/Users/kermorvant/Data/Images/IAM/lines/f02/f02-044/f02-044-09.png,50250,experiment from which the organisers hoped to learn as much
/Users/kermorvant/Data/Images/IAM/lines/f02/f02-076/f02-076-01.png,27531,and retirement according to the occupational
/Users/kermorvant/Data/Images/IAM/lines/f02/f02-076/f02-076-03.png,30218,levels are the better or the poorer prepared
/Users/kermorvant/Data/Images/IAM/lines/f02/f02-076/f02-076-04.png,27978,for successful adjustment to retirement and
/Users/kermorvant/Data/Images/IAM/lines/f02/f02-076/f02-076-06.png,34292,obtained support a rationale for adapting
/Users/kermorvant/Data/Images/IAM/lines/f02/f02-076/f02-076-08.png,27504,programme to the needs of older employees
/Users/kermorvant/Data/Images/IAM/lines/f03/f03-169/f03-169-02.png,31990,sound much more spontaneous on the occasion
/Users/kermorvant/Data/Images/IAM/lines/f03/f03-182/f03-182-06.png,36475,that television makes its appeal to those of lesser
/Users/kermorvant/Data/Images/IAM/lines/f04/f04-016/f04-016-06.png,85033,that she had carried a green purse and
/Users/kermorvant/Data/Images/IAM/lines/f04/f04-024/f04-024-06.png,45749,and perhaps evidence enough to have brought a
/Users/kermorvant/Data/Images/IAM/lines/f04/f04-028/f04-028-08.png,57608,overlook the possibility that this might have
/Users/kermorvant/Data/Images/IAM/lines/g01/g01-000/g01-000-04.png,55114,one of that new class of merchant financiers
/Users/kermorvant/Data/Images/IAM/lines/g01/g01-000/g01-000-06.png,43068,equipped and manned a fleet from his own
/Users/kermorvant/Data/Images/IAM/lines/g04/g04-003/g04-003-01.png,64170,a walk over the fields while we attended
/Users/kermorvant/Data/Images/IAM/lines/g04/g04-003/g04-003-03.png,54291,when we met at tea at the rectory
/Users/kermorvant/Data/Images/IAM/lines/g04/g04-003/g04-003-05.png,60955,said he had been stopped by
/Users/kermorvant/Data/Images/IAM/lines/g04/g04-007/g04-007-01.png,60562,when the distance to the church deterred many from
/Users/kermorvant/Data/Images/IAM/lines/g04/g04-011/g04-011-07.png,62839,the incumbent of the highest church in the
/Users/kermorvant/Data/Images/IAM/lines/g04/g04-014/g04-014-04.png,51014,to get a stipendiary layman who could help
/Users/kermorvant/Data/Images/IAM/lines/g04/g04-026/g04-026-05.png,71087,the end of a few months an enthusiastic choir of men and women
/Users/kermorvant/Data/Images/IAM/lines/g04/g04-081/g04-081-04.png,32807,who was the only other occupant of the house when
/Users/kermorvant/Data/Images/IAM/lines/g04/g04-088/g04-088-06.png,38062,picture given them and the lesson was
/Users/kermorvant/Data/Images/IAM/lines/g04/g04-088/g04-088-08.png,38258,stamp which could be stuck in
/Users/kermorvant/Data/Images/IAM/lines/g04/g04-088/g04-088-10.png,37073,clamour for back stamps if a child
/Users/kermorvant/Data/Images/IAM/lines/g04/g04-092/g04-092-02.png,38473,of parents or faithful nurses threaten any
/Users/kermorvant/Data/Images/IAM/lines/g04/g04-092/g04-092-03.png,46826,naughty child with the penalty of not being
/Users/kermorvant/Data/Images/IAM/lines/g04/g04-092/g04-092-08.png,34757,it is a great joy to meet them now
/Users/kermorvant/Data/Images/IAM/lines/g04/g04-092/g04-092-09.png,42779,fifty years afterwards when so many
/Users/kermorvant/Data/Images/IAM/lines/g04/g04-092/g04-092-10.png,33708,are parents or even grandparents
/Users/kermorvant/Data/Images/IAM/lines/g04/g04-095/g04-095-01.png,39689,me at once to chronicle a most intimate and
/Users/kermorvant/Data/Images/IAM/lines/g04/g04-095/g04-095-07.png,49118,sons was just coming into the world in this year
/Users/kermorvant/Data/Images/IAM/lines/g05/g05-087/g05-087-01.png,29803,one to fear that the event might well have the
/Users/kermorvant/Data/Images/IAM/lines/g05/g05-094/g05-094-04.png,28753,the use of no weapon more lethal than
/Users/kermorvant/Data/Images/IAM/lines/g05/g05-094/g05-094-06.png,26085,of the first ten years of the promised
/Users/kermorvant/Data/Images/IAM/lines/g06/g06-011b/g06-011b-02.png,21739,enjoyed it as much as his health
/Users/kermorvant/Data/Images/IAM/lines/g06/g06-011j/g06-011j-02.png,34509,it as much as his health permitted him to
/Users/kermorvant/Data/Images/IAM/lines/g06/g06-011k/g06-011k-02.png,23875,much as his health permitted him to enjoy
/Users/kermorvant/Data/Images/IAM/lines/g06/g06-018b/g06-018b-05.png,26822,this place agree with me better than
/Users/kermorvant/Data/Images/IAM/lines/g06/g06-026a/g06-026a-05.png,26322,temporary assumption of the government by
/Users/kermorvant/Data/Images/IAM/lines/g06/g06-026b/g06-026b-05.png,27741,this letter he heard of the fall of
/Users/kermorvant/Data/Images/IAM/lines/g06/g06-026b/g06-026b-07.png,23871,assumption of the government by
/Users/kermorvant/Data/Images/IAM/lines/g06/g06-026e/g06-026e-04.png,22559,the temporary assumption of the government by the
/Users/kermorvant/Data/Images/IAM/lines/g06/g06-026j/g06-026j-04.png,33820,writing this letter he heard of the fall of
/Users/kermorvant/Data/Images/IAM/lines/g06/g06-026m/g06-026m-05.png,33293,the temporary assumption of the government
/Users/kermorvant/Data/Images/IAM/lines/g06/g06-031b/g06-031b-04.png,26680,but fear that the exasperation of
/Users/kermorvant/Data/Images/IAM/lines/g06/g06-037b/g06-037b-05.png,24701,a new chapter in the history of
/Users/kermorvant/Data/Images/IAM/lines/g06/g06-037b/g06-037b-08.png,26137,of the numerous conventional remedies
/Users/kermorvant/Data/Images/IAM/lines/g06/g06-037b/g06-037b-09.png,31276,to which he had been subjected ever
/Users/kermorvant/Data/Images/IAM/lines/g06/g06-037c/g06-037c-08.png,22901,he had been subjected ever since the symptoms had
/Users/kermorvant/Data/Images/IAM/lines/g06/g06-037c/g06-037c-09.png,23107,first shown themselves seventeen years before had
/Users/kermorvant/Data/Images/IAM/lines/g06/g06-037d/g06-037d-05.png,30492,search for an effective alleviation of his painful
/Users/kermorvant/Data/Images/IAM/lines/g06/g06-037d/g06-037d-08.png,32429,toms had first shown themselves seventeen years before
/Users/kermorvant/Data/Images/IAM/lines/g06/g06-037e/g06-037e-06.png,22727,numerous conventional remedies to which he had been
/Users/kermorvant/Data/Images/IAM/lines/g06/g06-037f/g06-037f-06.png,25788,which he had been subjected ever since the symptoms had first
/Users/kermorvant/Data/Images/IAM/lines/g06/g06-037g/g06-037g-06.png,28876,conventional remedies to which he had been subjected
/Users/kermorvant/Data/Images/IAM/lines/g06/g06-037g/g06-037g-07.png,25541,ever since the symptoms had first shown themselves
/Users/kermorvant/Data/Images/IAM/lines/g06/g06-037h/g06-037h-06.png,28988,search for an effective alleviation of his painful
/Users/kermorvant/Data/Images/IAM/lines/g06/g06-037h/g06-037h-08.png,25536,remedies to which he had been subjected ever
/Users/kermorvant/Data/Images/IAM/lines/g06/g06-037i/g06-037i-06.png,20554,numerous conventional remedies to which he had been
/Users/kermorvant/Data/Images/IAM/lines/g06/g06-037i/g06-037i-07.png,23407,subjected ever since the symptoms had first shown
/Users/kermorvant/Data/Images/IAM/lines/g06/g06-037i/g06-037i-08.png,21896,themselves seventeen years before had had the
/Users/kermorvant/Data/Images/IAM/lines/g06/g06-037j/g06-037j-06.png,34859,unceasing search for an effective alleviation
/Users/kermorvant/Data/Images/IAM/lines/g06/g06-037j/g06-037j-08.png,32102,ous conventional remedies to which he had
/Users/kermorvant/Data/Images/IAM/lines/g06/g06-037j/g06-037j-09.png,36947,been subjected ever since the symptoms
/Users/kermorvant/Data/Images/IAM/lines/g06/g06-037k/g06-037k-06.png,25495,of the numerous conventional remedies to which he
/Users/kermorvant/Data/Images/IAM/lines/g06/g06-037k/g06-037k-07.png,28186,had been subjected ever since the symptoms had
/Users/kermorvant/Data/Images/IAM/lines/g06/g06-037k/g06-037k-08.png,28949,first shown themselves seventeen years before
/Users/kermorvant/Data/Images/IAM/lines/g06/g06-037l/g06-037l-06.png,21198,of the numerous conventional remedies to which he had
/Users/kermorvant/Data/Images/IAM/lines/g06/g06-037l/g06-037l-07.png,22224,been subjected ever since the symptoms had first
/Users/kermorvant/Data/Images/IAM/lines/g06/g06-037l/g06-037l-08.png,25483,shown themselves seventeen years before had had the
/Users/kermorvant/Data/Images/IAM/lines/g06/g06-037m/g06-037m-04.png,49662,there had opened a new chapter in the
/Users/kermorvant/Data/Images/IAM/lines/g06/g06-037m/g06-037m-08.png,55758,which he had been subjected ever since the
/Users/kermorvant/Data/Images/IAM/lines/g06/g06-037m/g06-037m-09.png,72848,symptoms had first shown themselves seventeen
/Users/kermorvant/Data/Images/IAM/lines/g06/g06-042a/g06-042a-05.png,25088,known as homoeopathy had been brought to
/Users/kermorvant/Data/Images/IAM/lines/g06/g06-042b/g06-042b-06.png,59632,homoeopathy had been brought to
/Users/kermorvant/Data/Images/IAM/lines/g06/g06-042e/g06-042e-04.png,20497,curative method known as homoeopathy had been
/Users/kermorvant/Data/Images/IAM/lines/g06/g06-042h/g06-042h-05.png,22305,method known as homoeopathy had been
/Users/kermorvant/Data/Images/IAM/lines/g06/g06-042j/g06-042j-05.png,33563,method known as homoeopathy had been
/Users/kermorvant/Data/Images/IAM/lines/g06/g06-042m/g06-042m-05.png,26062,method known as homoeopathy had
/Users/kermorvant/Data/Images/IAM/lines/g06/g06-045a/g06-045a-03.png,22814,that it was being cultivated with extraordinary
/Users/kermorvant/Data/Images/IAM/lines/g06/g06-045a/g06-045a-05.png,24989,himself was being treated under a doctor who
/Users/kermorvant/Data/Images/IAM/lines/g06/g06-045b/g06-045b-04.png,46435,was being cultivated with extraordinary
/Users/kermorvant/Data/Images/IAM/lines/g06/g06-045b/g06-045b-06.png,51736,he himself was being treated under a
/Users/kermorvant/Data/Images/IAM/lines/g06/g06-045b/g06-045b-07.png,47804,doctor who had studied under its
/Users/kermorvant/Data/Images/IAM/lines/g06/g06-045c/g06-045c-03.png,20166,it was being cultivated with extraordinary success in
/Users/kermorvant/Data/Images/IAM/lines/g06/g06-045c/g06-045c-05.png,17972,treated under a doctor who had studied under
/Users/kermorvant/Data/Images/IAM/lines/g06/g06-045d/g06-045d-04.png,24724,and that he himself was being treated under a doctor
/Users/kermorvant/Data/Images/IAM/lines/g06/g06-045e/g06-045e-04.png,24531,and that he himself was being treated under a doctor
/Users/kermorvant/Data/Images/IAM/lines/g06/g06-045g/g06-045g-04.png,28873,himself was being treated under a doctor who had studied
/Users/kermorvant/Data/Images/IAM/lines/g06/g06-045h/g06-045h-03.png,25972,that it was being cultivated with extraordinary
/Users/kermorvant/Data/Images/IAM/lines/g06/g06-045h/g06-045h-05.png,25027,himself was being treated under a doctor who
/Users/kermorvant/Data/Images/IAM/lines/g06/g06-045j/g06-045j-06.png,31515,treated under a doctor who had studied
/Users/kermorvant/Data/Images/IAM/lines/g06/g06-045k/g06-045k-03.png,47829,was being cultivated with extraordinary success in
/Users/kermorvant/Data/Images/IAM/lines/g06/g06-045k/g06-045k-05.png,51927,treated under a doctor who had studied under
/Users/kermorvant/Data/Images/IAM/lines/g06/g06-045m/g06-045m-04.png,24460,cultivated with extraordinary success in
/Users/kermorvant/Data/Images/IAM/lines/g06/g06-045m/g06-045m-06.png,24999,being treated under a doctor who had
/Users/kermorvant/Data/Images/IAM/lines/g06/g06-047a/g06-047a-04.png,21295,among unorthodox medical men in the cities
/Users/kermorvant/Data/Images/IAM/lines/g06/g06-047b/g06-047b-04.png,52446,of disciples among unorthodox medical men
/Users/kermorvant/Data/Images/IAM/lines/g06/g06-047c/g06-047c-04.png,18332,disciples among unorthodox medical men in the
/Users/kermorvant/Data/Images/IAM/lines/g06/g06-047d/g06-047d-03.png,24184,had an increasing number of disciples among unorthodox
/Users/kermorvant/Data/Images/IAM/lines/g06/g06-047e/g06-047e-03.png,24306,of disciples among unorthodox medical men in the cities of
/Users/kermorvant/Data/Images/IAM/lines/g06/g06-047g/g06-047g-03.png,27575,increasing number of disciples among unorthodox medical
/Users/kermorvant/Data/Images/IAM/lines/g06/g06-047h/g06-047h-03.png,22747,had an increasing number of disciples among
/Users/kermorvant/Data/Images/IAM/lines/g06/g06-047i/g06-047i-03.png,21871,an increasing number of disciples among unorthodox
/Users/kermorvant/Data/Images/IAM/lines/g06/g06-047j/g06-047j-04.png,30687,an increasing number of disciples among
/Users/kermorvant/Data/Images/IAM/lines/g06/g06-047j/g06-047j-05.png,28512,unorthodox medical men in the cities
/Users/kermorvant/Data/Images/IAM/lines/g06/g06-047k/g06-047k-04.png,25044,disciples among unorthodox medical men in the
/Users/kermorvant/Data/Images/IAM/lines/g06/g06-047l/g06-047l-03.png,19914,had an increasing number of disciples among
/Users/kermorvant/Data/Images/IAM/lines/g06/g06-047m/g06-047m-04.png,24882,increasing number of disciples among
/Users/kermorvant/Data/Images/IAM/lines/g06/g06-047m/g06-047m-05.png,23353,unorthodox medical men in the cities of
/Users/kermorvant/Data/Images/IAM/lines/g06/g06-050h/g06-050h-02.png,24284,so he described his distinguished patient and his
/Users/kermorvant/Data/Images/IAM/lines/g06/g06-050j/g06-050j-08.png,34313,he appears to despair of ever being
/Users/kermorvant/Data/Images/IAM/lines/h04/h04-000/h04-000-01.png,72400,was appreciably higher in families with
/Users/kermorvant/Data/Images/IAM/lines/h04/h04-000/h04-000-03.png,68288,many of which were incomplete families
/Users/kermorvant/Data/Images/IAM/lines/h04/h04-000/h04-000-05.png,67235,and of course with lower tax reliefs and
/Users/kermorvant/Data/Images/IAM/lines/h04/h04-021/h04-021-05.png,46041,also shows the corresponding values of an index which
/Users/kermorvant/Data/Images/IAM/lines/h04/h04-021/h04-021-06.png,52790,compares the prices paid by different types of household
/Users/kermorvant/Data/Images/IAM/lines/h04/h04-021/h04-021-07.png,51542,for the commodities constituting the average household
/Users/kermorvant/Data/Images/IAM/lines/h05/h05-012/h05-012-03.png,44551,differing in certain important ways from the ordinary cost of
/Users/kermorvant/Data/Images/IAM/lines/h05/h05-012/h05-012-05.png,59632,common feature that they are all payments in respect of works
/Users/kermorvant/Data/Images/IAM/lines/k04/k04-017/k04-017-06.png,74807,could not have overheard anything they
/Users/kermorvant/Data/Images/IAM/lines/n02/n02-146/n02-146-05.png,66357,leisurely fashion his few possessions into a ramshackle and
/Users/kermorvant/Data/Images/IAM/lines/p06/p06-242/p06-242-06.png,42610,matter what was being said because she was
/Users/kermorvant/Data/Images/IAM/lines/p06/p06-248/p06-248-03.png,39159,presume we shall be allowed to have one or two
/Users/kermorvant/Data/Images/IAM/lines/r02/r02-003/r02-003-03.png,33489,postponed demanding the tax until her financial year
/Users/kermorvant/Data/Images/IAM/lines/r02/r02-006/r02-006-06.png,22247,that the warm coats were heating
/Users/kermorvant/Data/Images/IAM/lines/r02/r02-006/r02-006-07.png,27721,appliances and therefore susceptible
/Users/kermorvant/Data/Images/IAM/lines/r02/r02-006/r02-006-08.png,22133,to a depreciation tax allowance
/Users/kermorvant/Data/Images/IAM/lines/r02/r02-010/r02-010-01.png,49068,agreement had been delayed long enough for
/Users/kermorvant/Data/Images/IAM/lines/r02/r02-013/r02-013-04.png,50232,lected the long correspondence he
/Users/kermorvant/Data/Images/IAM/lines/r02/r02-013/r02-013-06.png,49209,nue in an effort to obtain
/Users/kermorvant/Data/Images/IAM/lines/r02/r02-013/r02-013-07.png,49850,tax relief for a jacket used
/Users/kermorvant/Data/Images/IAM/lines/r02/r02-054/r02-054-01.png,54819,when he shook the case there was a rustling thud
/Users/kermorvant/Data/Images/IAM/lines/r02/r02-060/r02-060-01.png,41343,more and came up with two
/Users/kermorvant/Data/Images/IAM/lines/r02/r02-060/r02-060-04.png,52818,bent wire loop into the lock and
/Users/kermorvant/Data/Images/IAM/lines/r02/r02-060/r02-060-09.png,62623,groping after wads of five
/Users/kermorvant/Data/Images/IAM/lines/r02/r02-065/r02-065-02.png,44577,rested on a wad of stiff white paper printed on one
/Users/kermorvant/Data/Images/IAM/lines/r02/r02-078/r02-078-04.png,36017,fumbled for his contract before thrusting the
/Users/kermorvant/Data/Images/IAM/lines/r02/r02-078/r02-078-06.png,34666,intention of playing the dutiful citizen
/Users/kermorvant/Data/Images/IAM/lines/r02/r02-089/r02-089-08.png,62375,they had once obtained as a free gift in exchange
/Users/kermorvant/Data/Images/IAM/lines/r02/r02-089/r02-089-09.png,65696,for the labels from half a hundredweight of
/Users/kermorvant/Data/Images/IAM/lines/r02/r02-127/r02-127-01.png,27241,of a mother who had failed to realise that a son
/Users/kermorvant/Data/Images/IAM/lines/r02/r02-131/r02-131-03.png,25868,mother turned around in time to see the briefcase collapse
/Users/kermorvant/Data/Images/IAM/lines/r03/r03-002/r03-002-08.png,30994,after layer of illusion to be peeled off and
/Users/kermorvant/Data/Images/IAM/lines/r03/r03-007/r03-007-01.png,29554,clothed leaf by leaf with the disappointment
/Users/kermorvant/Data/Images/IAM/lines/r03/r03-007/r03-007-03.png,25652,the belief that all she need do was to go to
/Users/kermorvant/Data/Images/IAM/lines/r03/r03-007/r03-007-06.png,21661,the hands of a lawyer and go away on her
/Users/kermorvant/Data/Images/IAM/lines/r03/r03-007/r03-007-07.png,22334,holiday while the whole transaction was
/Users/kermorvant/Data/Images/IAM/lines/r03/r03-026/r03-026-02.png,41369,started several decades before had caught on
/Users/kermorvant/Data/Images/IAM/lines/r03/r03-026/r03-026-03.png,41745,at last and therefore saved the situation for
/Users/kermorvant/Data/Images/IAM/lines/r03/r03-026/r03-026-07.png,42338,first thing she did was to make an offer
/Users/kermorvant/Data/Images/IAM/lines/r03/r03-050/r03-050-01.png,26560,from dusty hair on the dusty shoulders of his black
/Users/kermorvant/Data/Images/IAM/lines/r03/r03-050/r03-050-03.png,25284,and yellow sleepy dust in the corners of his pale
/Users/kermorvant/Data/Images/IAM/lines/r03/r03-050/r03-050-05.png,29976,tried to make up for it by constantly paring them
/Users/kermorvant/Data/Images/IAM/lines/r03/r03-110/r03-110-02.png,58587,perhaps a little more if we can cheat your earnings
/Users/kermorvant/Data/Images/IAM/lines/r03/r03-115/r03-115-02.png,49068,reception room was too small when divided
/Users/kermorvant/Data/Images/IAM/lines/r06/r06-007/r06-007-06.png,45260,lady who loved small talk and the discreet
/Users/kermorvant/Data/Images/IAM/lines/r06/r06-022/r06-022-04.png,49411,looked out of the windows at the weeping trees and the
/Users/kermorvant/Data/Images/IAM/lines/r06/r06-041/r06-041-06.png,65813,and had the air of being written by an
/Users/kermorvant/Data/Images/IAM/lines/r06/r06-044/r06-044-05.png,70071,group then sat down for a late lunch
/Users/kermorvant/Data/Images/IAM/lines/r06/r06-044/r06-044-10.png,66782,informing them that he was on the point
/Users/kermorvant/Data/Images/IAM/lines/r06/r06-049/r06-049-05.png,52911,that the walls were porous and the
/Users/kermorvant/Data/Images/IAM/lines/r06/r06-049/r06-049-10.png,68331,which again left his household goods
/Users/kermorvant/Data/Images/IAM/lines/r06/r06-053/r06-053-01.png,64963,an elderly farm labourer out for a shoot
/Users/kermorvant/Data/Images/IAM/lines/r06/r06-053/r06-053-02.png,56381,who hid himself in a bush and imitated
/Users/kermorvant/Data/Images/IAM/lines/r06/r06-053/r06-053-07.png,60956,pellets were easily removed and the
/Users/kermorvant/Data/Images/IAM/lines/r06/r06-053/r06-053-08.png,66327,labourer was able to return to work the
/Users/kermorvant/Data/Images/IAM/lines/r06/r06-057/r06-057-03.png,50640,valley with a sea of vines and olives
/Users/kermorvant/Data/Images/IAM/lines/r06/r06-057/r06-057-04.png,69432,and beaches of earth pricked to blood by
/Users/kermorvant/Data/Images/IAM/lines/r06/r06-057/r06-057-06.png,66883,islands tapering to shipwrecked castles and
/Users/kermorvant/Data/Images/IAM/lines/r06/r06-062/r06-062-05.png,62544,heat and cold like the hands of
/Users/kermorvant/Data/Images/IAM/lines/r06/r06-062/r06-062-08.png,56655,beech and the thin pine fingers
/Users/kermorvant/Data/Images/IAM/lines/r06/r06-066/r06-066-04.png,62585,the ghosts of dead monarchs and brilliant
/Users/kermorvant/Data/Images/IAM/lines/r06/r06-066/r06-066-08.png,72189,could catch the taste of dead dreams on
/Users/kermorvant/Data/Images/IAM/lines/r06/r06-070/r06-070-04.png,75785,they galloped to the walls and spumed
/Users/kermorvant/Data/Images/IAM/lines/r06/r06-070/r06-070-08.png,77253,eyes of the spectators were hard with
/Users/kermorvant/Data/Images/IAM/lines/r06/r06-090/r06-090-10.png,53009,mingled with the memory of sandwiches
/Users/kermorvant/Data/Images/IAM/lines/r06/r06-106/r06-106-07.png,45364,more than ever like a pink and gold
/Users/kermorvant/Data/Images/IAM/lines/r06/r06-111/r06-111-01.png,45869,overlooking the sweeping brown tides
/Users/kermorvant/Data/Images/IAM/lines/r06/r06-111/r06-111-03.png,41972,flat with a devotion which said that
/Users/kermorvant/Data/Images/IAM/lines/r06/r06-111/r06-111-04.png,53088,she felt small flats were altogether more
/Users/kermorvant/Data/Images/IAM/lines/r06/r06-115/r06-115-07.png,55016,newspapers and watched her pretty
/Users/kermorvant/Data/Images/IAM/lines/r06/r06-115/r06-115-08.png,57018,frowning face as she turned the
/Users/kermorvant/Data/Images/IAM/lines/r06/r06-115/r06-115-10.png,60562,to let nothing get between her and
/Users/kermorvant/Data/Images/IAM/lines/r06/r06-121/r06-121-04.png,52639,their bright friendly heads turned
/Users/kermorvant/Data/Images/IAM/lines/r06/r06-121/r06-121-10.png,54423,the pictures just for the fun of it was
/Users/kermorvant/Data/Images/IAM/lines/r06/r06-126/r06-126-01.png,36938,serious of the two films that were
/Users/kermorvant/Data/Images/IAM/lines/r06/r06-126/r06-126-06.png,46307,of them from being sent to the gas
/Users/kermorvant/Data/Images/IAM/lines/r06/r06-126/r06-126-09.png,60956,crying and could face the light of a golden
/Users/kermorvant/Data/Images/IAM/lines/r06/r06-130/r06-130-01.png,42079,doorman was lying in wait for anyone
